-- Adminer 4.5.0 MySQL dump

SET NAMES utf8;
SET time_zone = '+00:00';
SET foreign_key_checks = 0;
SET sql_mode = 'NO_AUTO_VALUE_ON_ZERO';

DROP DATABASE IF EXISTS `job_portal`;
CREATE DATABASE `job_portal` /*!40100 DEFAULT CHARACTER SET latin1 */;
USE `job_portal`;

DROP TABLE IF EXISTS `authorise`;
CREATE TABLE `authorise` (
  `username` varchar(255) NOT NULL,
  `email` varchar(255) DEFAULT NULL,
  `name` varchar(255) DEFAULT NULL,
  `password` varchar(255) DEFAULT NULL,
  PRIMARY KEY (`username`)
) ENGINE=InnoDB DEFAULT CHARSET=utf8;

TRUNCATE `authorise`;
INSERT INTO `authorise` (`username`, `email`, `name`, `password`) VALUES
('swati',	'mahajan.swati90@gmail.com',	'Administrator',	'swati');

DROP TABLE IF EXISTS `category`;
CREATE TABLE `category` (
  `category_id` bigint(20) NOT NULL AUTO_INCREMENT,
  `name` varchar(255) DEFAULT NULL,
  PRIMARY KEY (`category_id`)
) ENGINE=InnoDB DEFAULT CHARSET=utf8;

TRUNCATE `category`;
INSERT INTO `category` (`category_id`, `name`) VALUES
(1,	'Accounting Consulting'),
(2,	'Admin Support'),
(3,	'Customer Service'),
(4,	'Data Science Analytics'),
(5,	'Design Creative'),
(6,	'Engineering Architecture'),
(7,	'IT Networking'),
(8,	'Legal'),
(9,	'Sales Marketing'),
(10,	'Translation'),
(11,	'Web, Mobile Software Dev'),
(12,	'Writing');

DROP TABLE IF EXISTS `company`;
CREATE TABLE `company` (
  `company_id` bigint(20) NOT NULL AUTO_INCREMENT,
  `address` varchar(255) DEFAULT NULL,
  `city` varchar(255) DEFAULT NULL,
  `company_name` varchar(255) DEFAULT NULL,
  `contact` varchar(255) DEFAULT NULL,
  `contact1` varchar(255) DEFAULT NULL,
  `contact2` varchar(255) DEFAULT NULL,
  `country` varchar(255) DEFAULT NULL,
  `email_id` varchar(255) DEFAULT NULL,
  `state` varchar(255) DEFAULT NULL,
  `user_account_id` bigint(20) NOT NULL,
  PRIMARY KEY (`company_id`)
) ENGINE=InnoDB DEFAULT CHARSET=utf8;

TRUNCATE `company`;

DROP TABLE IF EXISTS `company_interest`;
CREATE TABLE `company_interest` (
  `company_interest_id` bigint(20) NOT NULL AUTO_INCREMENT,
  `company_id` bigint(20) NOT NULL,
  `hiring_manager_id` varchar(255) DEFAULT NULL,
  `job_id` bigint(20) NOT NULL,
  `status` varchar(255) DEFAULT NULL,
  `student_id` bigint(20) NOT NULL,
  PRIMARY KEY (`company_interest_id`)
) ENGINE=InnoDB DEFAULT CHARSET=utf8;

TRUNCATE `company_interest`;

DROP TABLE IF EXISTS `countries`;
CREATE TABLE `countries` (
  `id` int(11) NOT NULL AUTO_INCREMENT,
  `iso_code` varchar(250) NOT NULL,
  `country_name` varchar(255) NOT NULL,
  `call_prefix` int(11) DEFAULT NULL,
  `zipcode_format` varchar(255) DEFAULT NULL,
  PRIMARY KEY (`id`)
) ENGINE=InnoDB DEFAULT CHARSET=latin1;

TRUNCATE `countries`;
INSERT INTO `countries` (`id`, `iso_code`, `country_name`, `call_prefix`, `zipcode_format`) VALUES
(1,	'AF',	'Afghanistan',	93,	NULL),
(2,	'AL',	'Albania',	355,	'NNNN'),
(3,	'DZ',	'Algeria',	213,	'NNNNN'),
(4,	'AS',	'American Samoa',	1684,	NULL),
(5,	'AO',	'Angola',	244,	NULL),
(6,	'AI',	'Anguilla',	264,	NULL),
(7,	'AQ',	'Antartica',	6721,	NULL),
(8,	'AG',	'Antigua and Barbuda',	268,	NULL),
(9,	'AR',	'Argentina',	54,	'LNNNN'),
(10,	'AM',	'Armenia',	374,	'NNNN'),
(11,	'AW',	'Aruba',	297,	NULL),
(12,	'',	'Ashmore and Cartier Island',	0,	NULL),
(13,	'AU',	'Australia',	61,	'NNNN'),
(14,	'AT',	'Austria',	43,	'NNNN'),
(15,	'AZ',	'Azerbaijan',	994,	'CNNNN'),
(16,	'BS',	'Bahamas',	1242,	NULL),
(17,	'BH',	'Bahrain',	973,	NULL),
(18,	'BD',	'Bangladesh',	880,	'NNNN'),
(19,	'BB',	'Barbados',	246,	'CNNNNN'),
(20,	'BY',	'Belarus',	NULL,	'NNNNNN'),
(21,	'BE',	'Belgium',	32,	'NNNN'),
(22,	'BZ',	'Belize',	501,	NULL),
(23,	'BJ',	'Benin',	229,	NULL),
(24,	'BM',	'Bermuda',	1441,	NULL),
(25,	'BT',	'Bhutan',	975,	NULL),
(26,	'BO',	'Bolivia',	591,	NULL),
(27,	'BA',	'Bosnia and Herzegovina',	387,	NULL),
(28,	'BW',	'Botswana',	267,	NULL),
(29,	'BR',	'Brazil',	55,	'NNNNN-NNN'),
(30,	'VG',	'British Virgin Islands',	1284,	'CNNNN'),
(31,	'BN',	'Brunei',	673,	'LLNNNN'),
(32,	'BG',	'Bulgaria',	359,	'NNNN'),
(33,	'BF',	'Burkina Faso',	226,	NULL),
(34,	'MM',	'Myanmar',	95,	NULL),
(35,	'BI',	'Burundi',	257,	NULL),
(36,	'KH',	'Cambodia',	855,	'NNNNN'),
(37,	'CM',	'Cameroon',	237,	NULL),
(38,	'CA',	'Canada',	1,	'LNL NLN'),
(39,	'CV',	'Cape Verde',	238,	'NNNN'),
(40,	'KY',	'Cayman Islands',	1345,	NULL),
(41,	'CF',	'Central African Republic',	236,	NULL),
(42,	'TD',	'Chad',	235,	NULL),
(43,	'CL',	'Chile',	56,	'NNN-NNNN'),
(45,	'CN',	'China',	86,	'NNNNNN'),
(46,	'CX',	'Christmas Island',	0,	NULL),
(47,	'',	'Clipperton Island',	0,	NULL),
(48,	'CC',	'Cocos Keeling Islands',	0,	NULL),
(49,	'CO',	'Colombia',	57,	'NNNNNN'),
(50,	'KM',	'Comoros',	269,	NULL),
(51,	'CD',	'Congo, Democratic Republic of the',	243,	NULL),
(52,	'CG',	'Congo, Republic of the',	242,	NULL),
(53,	'CK',	'Cook Islands',	682,	NULL),
(54,	'CR',	'Costa Rica',	506,	'NNNNN'),
(55,	'HR',	'Croatia',	385,	'NNNNN'),
(56,	'CU',	'Cuba',	53,	NULL),
(57,	'CY',	'Cyprus',	357,	'NNNN'),
(58,	'CZ',	'Czeck Republic',	420,	'NNN NN'),
(59,	'DK',	'Denmark',	45,	'NNNN'),
(60,	'DJ',	'Djibouti',	253,	NULL),
(61,	'DM',	'Dominica',	1767,	NULL),
(62,	'DO',	'Dominican Republic',	1809,	NULL),
(63,	'EC',	'Ecuador',	593,	'CNNNNNN'),
(64,	'EG',	'Egypt',	20,	NULL),
(65,	'SV',	'El Salvador',	503,	NULL),
(66,	'GQ',	'Equatorial Guinea',	240,	NULL),
(67,	'ER',	'Eritrea',	291,	NULL),
(68,	'EE',	'Estonia',	372,	'NNNNN'),
(69,	'ET',	'Ethiopia',	251,	NULL),
(70,	'EU',	'Europa Island',	0,	NULL),
(71,	'FK',	'Falkland Islands',	500,	'LLLL NLL'),
(72,	'FO',	'Faroe Islands',	298,	NULL),
(73,	'FJ',	'Fiji',	679,	NULL),
(74,	'FI',	'Finland',	358,	'NNNNN'),
(75,	'FR',	'France',	33,	'NNNNN'),
(76,	'GF',	'French Guiana',	594,	NULL),
(77,	'PF',	'French Polynesia',	689,	NULL),
(78,	'TF',	'French Southern and Antarctic Lands',	0,	NULL),
(79,	'GA',	'Gabon',	241,	NULL),
(80,	'GM',	'Gambia, The',	220,	NULL),
(81,	'GZ',	'Gaza Strip',	970,	NULL),
(82,	'GE',	'Georgia',	995,	'NNNN'),
(83,	'DE',	'Germany',	49,	'NNNNN'),
(84,	'GH',	'Ghana',	233,	NULL),
(85,	'GI',	'Gibraltar',	350,	NULL),
(86,	'GO',	'Glorioso Islands',	0,	NULL),
(87,	'GR',	'Greece',	30,	'NNNNN'),
(88,	'GL',	'Greenland',	299,	NULL),
(89,	'GD',	'Grenada',	1473,	NULL),
(90,	'GP',	'Guadeloupe',	590,	NULL),
(91,	'GU',	'Guam',	1671,	NULL),
(92,	'GT',	'Guatemala',	502,	NULL),
(93,	'GG',	'Guernsey',	44,	'LLN NLL'),
(94,	'GN',	'Guinea',	224,	NULL),
(95,	'GW',	'Guinea-Bissau',	245,	NULL),
(96,	'GY',	'Guyana',	592,	NULL),
(97,	'HT',	'Haiti',	509,	NULL),
(98,	'HM',	'Heard Island and McDonald Islands',	0,	NULL),
(99,	'VA',	'Holy See In Vatican City',	379,	'NNNNN'),
(100,	'HN',	'Honduras',	504,	NULL),
(101,	'HK',	'Hong Kong',	852,	NULL),
(102,	'HQ',	'Howland Island',	NULL,	NULL),
(103,	'HU',	'Hungary',	36,	'NNNN'),
(104,	'IS',	'Iceland',	354,	'NNN'),
(105,	'IN',	'India',	91,	'NNNNNN'),
(106,	'ID',	'Indonesia',	62,	'NNNNN'),
(107,	'IR',	'Iran',	98,	'NNNNN-NNNNN'),
(108,	'IQ',	'Iraq',	964,	'NNNNN'),
(109,	'IE',	'Ireland',	353,	NULL),
(110,	'IE',	'Ireland, Northern',	44,	NULL),
(111,	'IL',	'Israel',	972,	'NNNNN'),
(112,	'IT',	'Italy',	39,	'NNNNN'),
(113,	'JM',	'Jamaica',	1876,	NULL),
(114,	'JP',	'Jan Mayen',	47,	'NNN-NNNN'),
(115,	'JP',	'Japan',	81,	'NNN-NNNN'),
(116,	'DQ',	'Jarvis Island',	0,	NULL),
(117,	'JE',	'Jersey',	0,	'CN NLL'),
(118,	'JQ',	'Johnston Atoll',	0,	NULL),
(119,	'JO',	'Jordan',	962,	NULL),
(120,	'JU',	'Juan de Nova Island',	0,	NULL),
(121,	'KZ',	'Kazakhstan',	7,	'NNNNNN'),
(122,	'KE',	'Kenya',	254,	NULL),
(123,	'KI',	'Kiribati',	686,	NULL),
(124,	'KP',	'Korea, North',	850,	NULL),
(125,	'KR',	'Korea, South',	82,	'NNN-NNN'),
(126,	'KW',	'Kuwait',	965,	NULL),
(127,	'KG',	'Kyrgyzstan',	996,	NULL),
(128,	'LA',	'Laos',	856,	NULL),
(129,	'LV',	'Latvia',	371,	'C-NNNN'),
(130,	'LB',	'Lebanon',	961,	NULL),
(131,	'LS',	'Lesotho',	266,	NULL),
(132,	'LR',	'Liberia',	231,	NULL),
(133,	'LY',	'Libya',	218,	NULL),
(134,	'LI',	'Liechtenstein',	423,	'NNNN'),
(135,	'LT',	'Lithuania',	370,	'NNNNN'),
(136,	'LU',	'Luxembourg',	352,	'NNNN'),
(137,	'MO',	'Macau',	853,	NULL),
(138,	'MK',	'Macedonia, Former Yugoslav Republic of',	389,	NULL),
(139,	'MG',	'Madagascar',	261,	NULL),
(140,	'MW',	'Malawi',	265,	NULL),
(141,	'MY',	'Malaysia',	60,	'NNNNN'),
(142,	'MV',	'Maldives',	960,	NULL),
(143,	'ML',	'Mali',	223,	NULL),
(144,	'MT',	'Malta',	356,	'LLL NNNN'),
(145,	'IM',	'Man, Isle of',	0,	'CN NLL'),
(146,	'MH',	'Marshall Islands',	692,	NULL),
(147,	'MQ',	'Martinique',	596,	NULL),
(148,	'MR',	'Mauritania',	222,	NULL),
(149,	'MU',	'Mauritius',	230,	NULL),
(150,	'YT',	'Mayotte',	262,	NULL),
(151,	'MX',	'Mexico',	52,	'NNNNN'),
(152,	'FM',	'Micronesia, Federated States of',	691,	NULL),
(153,	'MQ',	'Midway Islands',	0,	NULL),
(154,	'MD',	'Moldova',	373,	'NNNNN'),
(155,	'MC',	'Monaco',	377,	'980NN'),
(156,	'MN',	'Mongolia',	976,	NULL),
(157,	'ME',	'Montserrat',	1664,	NULL),
(158,	'MA',	'Morocco',	212,	'NNNNN'),
(159,	'MZ',	'Mozambique',	258,	NULL),
(160,	'NA',	'Namibia',	264,	NULL),
(161,	'NR',	'Nauru',	674,	NULL),
(162,	'NP',	'Nepal',	977,	NULL),
(163,	'NL',	'Netherlands',	31,	'NNNN LL'),
(164,	'AN',	'Netherlands Antilles',	599,	NULL),
(165,	'MC',	'New Caledonia',	687,	'C-NNNN'),
(166,	'NZ',	'New Zealand',	64,	'NNNN'),
(167,	'NI',	'Nicaragua',	505,	'NNNNNN'),
(168,	'NE',	'Niger',	227,	NULL),
(169,	'NG',	'Nigeria',	234,	NULL),
(170,	'NU',	'Niue',	683,	NULL),
(171,	'NF',	'Norfolk Island',	6723,	NULL),
(172,	'MP',	'Northern Mariana Islands',	0,	NULL),
(173,	'NO',	'Norway',	47,	'NNNN'),
(174,	'OM',	'Oman',	968,	NULL),
(175,	'PK',	'Pakistan',	92,	NULL),
(176,	'PW',	'Palau',	680,	NULL),
(177,	'PA',	'Panama',	507,	'NNNNNN'),
(178,	'PG',	'Papua New Guinea',	675,	NULL),
(179,	'PY',	'Paraguay',	595,	NULL),
(180,	'PE',	'Peru',	51,	NULL),
(181,	'PH',	'Philippines',	63,	'NNNN'),
(182,	'PC',	'Pitcaim Islands',	0,	NULL),
(183,	'PL',	'Poland',	48,	'NN-NNN'),
(184,	'PT',	'Portugal',	351,	'NNNN NNN'),
(185,	'PR',	'Puerto Rico',	1939,	'NNNNN'),
(186,	'QA',	'Qatar',	974,	NULL),
(187,	'RE',	'Reunion',	262,	NULL),
(188,	'RO',	'Romainia',	40,	'NNNNNN'),
(189,	'RU',	'Russia',	7,	'NNNNNN'),
(190,	'RW',	'Rwanda',	250,	NULL),
(191,	'SH',	'Saint Helena',	290,	NULL),
(192,	'KN',	'Saint Kitts and Nevis',	1869,	NULL),
(193,	'LC',	'Saint Lucia',	1758,	NULL),
(194,	'PM',	'Saint Pierre and Miquelon',	508,	NULL),
(195,	'VC',	'Saint Vincent and the Grenadines',	1784,	NULL),
(196,	'WS',	'Samoa',	685,	NULL),
(197,	'SM',	'San Marino',	NULL,	'NNNNN'),
(198,	'ST',	'Sao Tome and Principe',	239,	NULL),
(199,	'SA',	'Saudi Arabia',	966,	NULL),
(200,	'',	'Scotland',	44,	NULL),
(201,	'SN',	'Senegal',	221,	NULL),
(202,	'SC',	'Seychelles',	248,	NULL),
(203,	'SL',	'Sierra Leone',	232,	NULL),
(204,	'SG',	'Singapore',	65,	'NNNNNN'),
(205,	'SK',	'Slovakia',	421,	NULL),
(206,	'SI',	'Slovenia',	386,	'C-NNNN'),
(207,	'SB',	'Solomon Islands',	677,	NULL),
(208,	'',	'Somalia',	252,	NULL),
(209,	'ZA',	'South Africa',	27,	'NNNN'),
(210,	'GS',	'South Georgia and South Sandwich Islands',	0,	'LLLL NLL'),
(211,	'ES',	'Spain',	34,	'NNNNN'),
(212,	'',	'Spratly Islands',	0,	NULL),
(213,	'LK',	'Sri Lanka',	94,	'NNNNN'),
(214,	'SD',	'Sudan',	249,	NULL),
(215,	'SR',	'Suriname',	597,	NULL),
(216,	'SJ',	'Svalbard',	47,	NULL),
(217,	'SZ',	'Swaziland',	268,	NULL),
(218,	'SE',	'Sweden',	46,	'NNN NN'),
(219,	'CH',	'Switzerland',	41,	'NNNN'),
(220,	'SY',	'Syria',	963,	NULL),
(221,	'TW',	'Taiwan',	886,	'NNNNN'),
(222,	'TJ',	'Tajikistan',	992,	NULL),
(223,	'TZ',	'Tanzania',	255,	NULL),
(224,	'TH',	'Thailand',	66,	'NNNNN'),
(225,	'TT',	'Tobago',	1868,	NULL),
(226,	'',	'Toga',	228,	NULL),
(227,	'TK',	'Tokelau',	690,	NULL),
(228,	'TO',	'Tonga',	676,	NULL),
(229,	'TT',	'Trinidad',	1868,	NULL),
(230,	'TN',	'Tunisia',	216,	NULL),
(231,	'TR',	'Turkey',	90,	'NNNNN'),
(232,	'TM',	'Turkmenistan',	993,	NULL),
(233,	'TV',	'Tuvalu',	688,	NULL),
(234,	'UG',	'Uganda',	256,	NULL),
(235,	'UA',	'Ukraine',	380,	'NNNNN'),
(236,	'UE',	'United Arab Emirates',	971,	NULL),
(237,	'UK',	'United Kingdom',	44,	NULL),
(238,	'UY',	'Uruguay',	598,	NULL),
(239,	'US',	'USA',	1,	'NNNNN'),
(240,	'UZ',	'Uzbekistan',	998,	NULL),
(241,	'VU',	'Vanuatu',	678,	NULL),
(242,	'VE',	'Venezuela',	58,	NULL),
(243,	'VN',	'Vietnam',	84,	'NNNNNN'),
(244,	'VG',	'Virgin Islands',	1340,	'CNNNN'),
(245,	'',	'Wales',	44,	NULL),
(246,	'WF',	'Wallis and Futuna',	681,	NULL),
(247,	'',	'West Bank',	970,	NULL),
(248,	'EH',	'Western Sahara',	212,	NULL),
(249,	'YE',	'Yemen',	967,	NULL),
(250,	'',	'Yugoslavia',	381,	NULL),
(251,	'ZM',	'Zambia',	260,	NULL),
(252,	'ZW',	'Zimbabwe',	263,	NULL),
(253,	'ALA',	'Aland Islands',	358,	NULL),
(254,	'SRB',	'Serbia',	381,	'NNNNN'),
(255,	'UMI',	'US Outlying Islands',	NULL,	NULL),
(256,	'TCA',	'Turks and Caicos Islands',	1649,	'LLLL NLL'),
(257,	'TLS',	'Timor-Leste',	670,	NULL),
(258,	'IO',	'British Indian Ocean Territory',	NULL,	'LLLL NLL'),
(259,	'BVT',	'Bouvet Island',	74,	NULL),
(260,	'BQ',	'Bonaire',	NULL,	NULL),
(262,	'AD',	'Andorra',	376,	'CNNN');

DROP TABLE IF EXISTS `education`;
CREATE TABLE `education` (
  `education_id` bigint(20) NOT NULL AUTO_INCREMENT,
  `education_name` varchar(255) DEFAULT NULL,
  PRIMARY KEY (`education_id`)
) ENGINE=InnoDB DEFAULT CHARSET=utf8;

TRUNCATE `education`;

DROP TABLE IF EXISTS `hiring_manager`;
CREATE TABLE `hiring_manager` (
  `hiring_manager_id` bigint(20) NOT NULL AUTO_INCREMENT,
  `city` varchar(255) DEFAULT NULL,
  `company_id` bigint(20) NOT NULL,
  `contact1` varchar(255) DEFAULT NULL,
  `contact2` varchar(255) DEFAULT NULL,
  `country` varchar(255) DEFAULT NULL,
  `first_name` varchar(255) DEFAULT NULL,
  `last_name` varchar(255) DEFAULT NULL,
  `middle_name` varchar(255) DEFAULT NULL,
  `registration_date` varchar(255) DEFAULT NULL,
  `state` varchar(255) DEFAULT NULL,
  `user_account_id` bigint(20) NOT NULL,
  `email_id` varchar(255) DEFAULT NULL,
  PRIMARY KEY (`hiring_manager_id`)
) ENGINE=InnoDB DEFAULT CHARSET=utf8;

TRUNCATE `hiring_manager`;

DROP TABLE IF EXISTS `industry`;
CREATE TABLE `industry` (
  `id` int(11) NOT NULL AUTO_INCREMENT,
  `industry_name` varchar(200) NOT NULL,
  `access_type` varchar(50) NOT NULL,
  PRIMARY KEY (`id`)
) ENGINE=MyISAM DEFAULT CHARSET=latin1;

TRUNCATE `industry`;
INSERT INTO `industry` (`id`, `industry_name`, `access_type`) VALUES
(1,	'AGRICULTURE AND ALLIED INDUSTRIES',	'Company'),
(2,	'AUTOMOBILES',	'Company'),
(3,	'AUTO COMPONENTS',	'Company'),
(4,	'AVIATION',	'Company'),
(5,	'BANKING',	'Company'),
(6,	'BIOTECHNOLOGY',	'Company'),
(7,	'CEMENT',	'Company'),
(8,	'CHEMICALS',	'Company'),
(9,	'CONSUMER DURABLES',	'Company'),
(10,	'DEFENCE MANUFACTURING',	'Company'),
(11,	'E-COMMERCE',	'Company'),
(12,	'EDUCATION AND TRAINING',	'Company'),
(13,	'ELECTRONICS SYSTEM DESIGN & MANUFACTURING',	'Company'),
(14,	'ENGINEERING AND CAPITAL GOODS',	'Company'),
(15,	'FINANCIAL SERVICES',	'Company'),
(16,	'FMCG',	'Company'),
(17,	'GEMS AND JEWELLERY',	'Company'),
(18,	'HEALTHCARE',	'Company'),
(19,	'INFRASTRUCTURE',	'Company'),
(20,	'INSURANCE',	'Company'),
(21,	'IT & BPM',	'Company'),
(22,	'MANUFACTURING',	'Company'),
(23,	'MEDIA AND ENTERTAINMENT',	'Company'),
(24,	'MEDICAL DEVICES',	'Company'),
(25,	'METALS AND MINING',	'Company'),
(26,	'MSME',	'Company'),
(27,	'OIL AND GAS',	'Company'),
(28,	'PHARMACEUTICALS',	'Company'),
(29,	'PORTS',	'Company'),
(30,	'POWER',	'Company'),
(31,	'RAILWAYS',	'Company'),
(32,	'REAL ESTATE',	'Company'),
(33,	'RENEWABLE ENERGY',	'Company'),
(34,	'RETAIL',	'Company'),
(35,	'ROADS',	'Company'),
(36,	'SCIENCE AND TECHNOLOGY',	'Company'),
(37,	'SERVICES',	'Company'),
(38,	'STEEL',	'Company'),
(39,	'TELECOMMUNICATIONS',	'Company'),
(40,	'TEXTILES',	'Company'),
(41,	'TOURISM AND HOSPITALITY',	'Company'),
(42,	'Advertising ',	'Student'),
(43,	'Agriculture',	'Student'),
(44,	'Banking',	'Student'),
(45,	'Construction',	'Student'),
(46,	'Digital Sales and Media',	'Student'),
(47,	'E-Commerce',	'Student'),
(48,	'Education',	'Student'),
(49,	'Energy and Utilities',	'Student'),
(50,	'Finance',	'Student'),
(51,	'Government',	'Student'),
(52,	'Healthcare (Hospital) ',	'Student'),
(53,	'Healthcare and Insurance',	'Student'),
(54,	'Internet related services and Products (e.g., Google)',	'Student'),
(55,	'Manufacturing and Natural Resources (such as oil, minerals, gas, metals, agricultural products, etc)',	'Student'),
(56,	'Media and Entertainment',	'Student'),
(57,	'News and Media',	'Student'),
(58,	'Pharmaceutical',	'Student'),
(59,	'Retail',	'Student'),
(60,	'Sports',	'Student'),
(61,	'Telecommunication',	'Student'),
(62,	'Transportation',	'Student');

DROP TABLE IF EXISTS `job`;
CREATE TABLE `job` (
  `job_id` bigint(20) NOT NULL AUTO_INCREMENT,
  `category_id` bigint(20) NOT NULL,
  `company_id` bigint(20) NOT NULL,
  `experience_req` varchar(255) DEFAULT NULL,
  `job_city` varchar(255) DEFAULT NULL,
  `job_description` varchar(255) DEFAULT NULL,
  `job_max_salary` varchar(255) DEFAULT NULL,
  `job_min_salary` varchar(255) DEFAULT NULL,
  `job_posted_date` varchar(255) DEFAULT NULL,
  `job_state` varchar(255) DEFAULT NULL,
  `job_status` varchar(255) DEFAULT NULL,
  `job_title` varchar(255) DEFAULT NULL,
  `jobtype_id` bigint(20) NOT NULL,
  PRIMARY KEY (`job_id`)
) ENGINE=InnoDB DEFAULT CHARSET=utf8;

TRUNCATE `job`;

DROP TABLE IF EXISTS `job_profiles`;
CREATE TABLE `job_profiles` (
  `id` int(11) NOT NULL AUTO_INCREMENT,
  `profile_name` varchar(200) NOT NULL,
  PRIMARY KEY (`id`)
) ENGINE=MyISAM DEFAULT CHARSET=latin1;

TRUNCATE `job_profiles`;
INSERT INTO `job_profiles` (`id`, `profile_name`) VALUES
(1,	'Data Analytics'),
(2,	'Data Engineering'),
(3,	'Data Science');

DROP TABLE IF EXISTS `language_list`;
CREATE TABLE `language_list` (
  `id` int(11) NOT NULL AUTO_INCREMENT,
  `name` varchar(250) CHARACTER SET utf8 DEFAULT NULL,
  PRIMARY KEY (`id`)
) ENGINE=MyISAM DEFAULT CHARSET=latin1;

TRUNCATE `language_list`;
INSERT INTO `language_list` (`id`, `name`) VALUES
(1,	'Afrikaans'),
(2,	'Amharic'),
(3,	'Arabic'),
(4,	'Assamese'),
(5,	'Azerbaijani'),
(6,	'Belarusian'),
(7,	'Bulgarian'),
(8,	'Bhojpuri'),
(9,	'Bengali'),
(10,	'Bosnian'),
(11,	'Catalan, Valencian'),
(12,	'Cebuano'),
(13,	'Czech'),
(14,	'Danish'),
(15,	'German'),
(16,	'Greek, Modern'),
(17,	'Spanish'),
(18,	'Estonian'),
(19,	'Basque'),
(20,	'Persian'),
(21,	'Fula'),
(22,	'Finnish'),
(23,	'French'),
(24,	'Irish'),
(25,	'Galician'),
(26,	'Gujarati'),
(27,	'Hausa'),
(28,	'Hebrew (modern)'),
(29,	'Hindi'),
(30,	'Chhattisgarhi'),
(31,	'Croatian'),
(32,	'Hungarian'),
(33,	'Armenian'),
(34,	'Indonesian'),
(35,	'Igbo'),
(36,	'Icelandic'),
(37,	'Italian'),
(38,	'Japanese'),
(39,	'Syro-Palestinian Sign Language'),
(40,	'Javanese'),
(41,	'Georgian'),
(42,	'Kyrgyz'),
(43,	'Kazakh'),
(44,	'Khmer'),
(45,	'Kannada'),
(46,	'Korean'),
(47,	'Krio'),
(48,	'Kurdish'),
(49,	'Latin'),
(50,	'Lithuanian'),
(51,	'Latvian'),
(52,	'Magahi'),
(53,	'Maithili'),
(54,	'Macedonian'),
(55,	'Malayalam'),
(56,	'Mongolian'),
(57,	'Amharic'),
(58,	'Arabic'),
(59,	'Assamese'),
(60,	'Azerbaijani'),
(61,	'Belarusian'),
(62,	'Bulgarian'),
(63,	'Bhojpuri'),
(64,	'Bengali'),
(65,	'Bosnian'),
(66,	'Catalan, Valencian'),
(67,	'Cebuano'),
(68,	'Czech'),
(69,	'Danish'),
(70,	'German'),
(71,	'Greek, Modern'),
(72,	'Spanish'),
(73,	'Estonian'),
(74,	'Basque'),
(75,	'Persian'),
(76,	'Fula'),
(77,	'Finnish'),
(78,	'French'),
(79,	'Irish'),
(80,	'Galician'),
(81,	'Gujarati'),
(82,	'Hausa'),
(83,	'Hebrew (modern)'),
(84,	'Hindi'),
(85,	'Chhattisgarhi'),
(86,	'Croatian'),
(87,	'Hungarian'),
(88,	'Armenian'),
(89,	'Indonesian'),
(90,	'Igbo'),
(91,	'Icelandic'),
(92,	'Italian'),
(93,	'Japanese'),
(94,	'Syro-Palestinian Sign Language'),
(95,	'Javanese'),
(96,	'Georgian'),
(97,	'Kyrgyz'),
(98,	'Kazakh'),
(99,	'Khmer'),
(100,	'Kannada'),
(101,	'Korean'),
(102,	'Krio'),
(103,	'Kurdish'),
(104,	'Latin'),
(105,	'Lithuanian'),
(106,	'Latvian'),
(107,	'Magahi'),
(108,	'Maithili'),
(109,	'Macedonian'),
(110,	'Malayalam'),
(111,	'Mongolian'),
(112,	'Amharic'),
(113,	'Arabic'),
(114,	'Assamese'),
(115,	'Azerbaijani'),
(116,	'Belarusian'),
(117,	'Bulgarian'),
(118,	'Bhojpuri'),
(119,	'Bengali'),
(120,	'Bosnian'),
(121,	'Catalan, Valencian'),
(122,	'Cebuano'),
(123,	'Czech'),
(124,	'Danish'),
(125,	'German'),
(126,	'Greek, Modern'),
(127,	'Spanish'),
(128,	'Estonian'),
(129,	'Basque'),
(130,	'Persian'),
(131,	'Fula'),
(132,	'Finnish'),
(133,	'French'),
(134,	'Irish'),
(135,	'Galician'),
(136,	'Gujarati'),
(137,	'Hausa'),
(138,	'Hebrew (modern)'),
(139,	'Hindi'),
(140,	'Chhattisgarhi'),
(141,	'Croatian'),
(142,	'Hungarian'),
(143,	'Armenian'),
(144,	'Indonesian'),
(145,	'Igbo'),
(146,	'Icelandic'),
(147,	'Italian'),
(148,	'Japanese'),
(149,	'Syro-Palestinian Sign Language'),
(150,	'Javanese'),
(151,	'Georgian'),
(152,	'Kyrgyz'),
(153,	'Kazakh'),
(154,	'Khmer'),
(155,	'Kannada'),
(156,	'Korean'),
(157,	'Krio'),
(158,	'Kurdish'),
(159,	'Latin'),
(160,	'Lithuanian'),
(161,	'Latvian'),
(162,	'Magahi'),
(163,	'Maithili'),
(164,	'Macedonian'),
(165,	'Malayalam'),
(166,	'Mongolian'),
(167,	'Amharic'),
(168,	'Arabic'),
(169,	'Assamese'),
(170,	'Azerbaijani'),
(171,	'Belarusian'),
(172,	'Bulgarian'),
(173,	'Bhojpuri'),
(174,	'Bengali'),
(175,	'Bosnian'),
(176,	'Catalan, Valencian'),
(177,	'Cebuano'),
(178,	'Czech'),
(179,	'Danish'),
(180,	'German'),
(181,	'Greek, Modern'),
(182,	'Spanish'),
(183,	'Estonian'),
(184,	'Basque'),
(185,	'Persian'),
(186,	'Fula'),
(187,	'Finnish'),
(188,	'French'),
(189,	'Irish'),
(190,	'Galician'),
(191,	'Gujarati'),
(192,	'Hausa'),
(193,	'Hebrew (modern)'),
(194,	'Hindi'),
(195,	'Chhattisgarhi'),
(196,	'Croatian'),
(197,	'Hungarian'),
(198,	'Armenian'),
(199,	'Indonesian'),
(200,	'Igbo'),
(201,	'Icelandic'),
(202,	'Italian'),
(203,	'Japanese'),
(204,	'Syro-Palestinian Sign Language'),
(205,	'Javanese'),
(206,	'Georgian'),
(207,	'Kyrgyz'),
(208,	'Kazakh'),
(209,	'Khmer'),
(210,	'Kannada'),
(211,	'Korean'),
(212,	'Krio'),
(213,	'Kurdish'),
(214,	'Latin'),
(215,	'Lithuanian'),
(216,	'Latvian'),
(217,	'Magahi'),
(218,	'Maithili'),
(219,	'Macedonian'),
(220,	'Malayalam'),
(221,	'Mongolian'),
(222,	'Amharic'),
(223,	'Arabic'),
(224,	'Assamese'),
(225,	'Azerbaijani'),
(226,	'Belarusian'),
(227,	'Bulgarian'),
(228,	'Bhojpuri'),
(229,	'Bengali'),
(230,	'Bosnian'),
(231,	'Catalan, Valencian'),
(232,	'Cebuano'),
(233,	'Czech'),
(234,	'Danish'),
(235,	'German'),
(236,	'Greek, Modern'),
(237,	'Spanish'),
(238,	'Estonian'),
(239,	'Basque'),
(240,	'Persian'),
(241,	'Fula'),
(242,	'Finnish'),
(243,	'French'),
(244,	'Irish'),
(245,	'Galician'),
(246,	'Gujarati'),
(247,	'Hausa'),
(248,	'Hebrew (modern)'),
(249,	'Hindi'),
(250,	'Chhattisgarhi'),
(251,	'Croatian'),
(252,	'Hungarian'),
(253,	'Armenian'),
(254,	'Indonesian'),
(255,	'Igbo'),
(256,	'Icelandic'),
(257,	'Italian'),
(258,	'Japanese'),
(259,	'Syro-Palestinian Sign Language'),
(260,	'Javanese'),
(261,	'Georgian'),
(262,	'Kyrgyz'),
(263,	'Kazakh'),
(264,	'Khmer'),
(265,	'Kannada'),
(266,	'Korean'),
(267,	'Krio'),
(268,	'Kurdish'),
(269,	'Latin'),
(270,	'Lithuanian'),
(271,	'Latvian'),
(272,	'Magahi'),
(273,	'Maithili'),
(274,	'Macedonian'),
(275,	'Malayalam'),
(276,	'Mongolian'),
(277,	'Syro-Palestinian Sign Language'),
(278,	'Javanese'),
(279,	'Georgian'),
(280,	'Kyrgyz'),
(281,	'Kazakh'),
(282,	'Khmer'),
(283,	'Kannada'),
(284,	'Korean'),
(285,	'Krio'),
(286,	'Kurdish'),
(287,	'Latin'),
(288,	'Lithuanian'),
(289,	'Latvian'),
(290,	'Magahi'),
(291,	'Maithili'),
(292,	'Macedonian'),
(293,	'Malayalam'),
(294,	'Mongolian'),
(295,	'Marathi (Marāṭhī)'),
(296,	'Malay'),
(297,	'Maltese'),
(298,	'Burmese'),
(299,	'Nepali'),
(300,	'Dutch'),
(301,	'Norwegian'),
(302,	'Odia'),
(303,	'Oromo'),
(304,	'Panjabi, Punjabi'),
(305,	'Polish'),
(306,	'Pashto'),
(307,	'Portuguese'),
(308,	'Rundi'),
(309,	'Romanian, Moldavian, Moldovan'),
(310,	'Russian'),
(311,	'Kinyarwanda'),
(312,	'Sindhi'),
(313,	'Argentine Sign Language'),
(314,	'Brazilian Sign Language'),
(315,	'Chinese Sign Language'),
(316,	'Colombian Sign Language'),
(317,	'German Sign Language'),
(318,	'Algerian Sign Language'),
(319,	'Ecuadorian Sign Language'),
(320,	'Spanish Sign Language'),
(321,	'Ethiopian Sign Language'),
(322,	'French Sign Language'),
(323,	'British Sign Language'),
(324,	'Ghanaian Sign Language'),
(325,	'Irish Sign Language'),
(326,	'Indopakistani Sign Language'),
(327,	'Persian Sign Language'),
(328,	'Italian Sign Language'),
(329,	'Japanese Sign Language'),
(330,	'Kenyan Sign Language'),
(331,	'Korean Sign Language'),
(332,	'Moroccan Sign Language'),
(333,	'Mexican Sign Language'),
(334,	'Malaysian Sign Language'),
(335,	'Philippine Sign Language'),
(336,	'Polish Sign Language'),
(337,	'Portuguese Sign Language'),
(338,	'Russian Sign Language'),
(339,	'Saudi Arabian Sign Language'),
(340,	'El Salvadoran Sign Language'),
(341,	'Turkish Sign Language'),
(342,	'Tanzanian Sign Language'),
(343,	'Ukrainian Sign Language'),
(344,	'American Sign Language'),
(345,	'South African Sign Language'),
(346,	'Zimbabwe Sign Language'),
(347,	'Sinhala, Sinhalese'),
(348,	'Slovak'),
(349,	'Saraiki'),
(350,	'Slovene'),
(351,	'Somali'),
(352,	'Albanian'),
(353,	'Serbian'),
(354,	'Sunda'),
(355,	'Swedish'),
(356,	'Swahili'),
(357,	'Sylheti'),
(358,	'Tamil'),
(359,	'Telugu'),
(360,	'Tagalog'),
(361,	'Thai'),
(362,	'Tigrinya'),
(363,	'Turkish'),
(364,	'Uyghur'),
(365,	'Ukrainian'),
(366,	'Urdu'),
(367,	'Uzbek'),
(368,	'Vietnamese'),
(369,	'Yiddish'),
(370,	'Yoruba'),
(371,	'Cantonese'),
(372,	'Chinese'),
(373,	'Zulu'),
(374,	'English');

DROP TABLE IF EXISTS `skill`;
CREATE TABLE `skill` (
  `skill_id` bigint(20) NOT NULL AUTO_INCREMENT,
  `skill_name` varchar(255) DEFAULT NULL,
  `category_no` int(11) DEFAULT NULL,
  `category` varchar(100) DEFAULT NULL,
  PRIMARY KEY (`skill_id`)
) ENGINE=InnoDB DEFAULT CHARSET=utf8;

TRUNCATE `skill`;
INSERT INTO `skill` (`skill_id`, `skill_name`, `category_no`, `category`) VALUES
(1,	'SQL',	1,	'Languages'),
(2,	'NoSQL',	1,	'Languages'),
(3,	'R',	1,	'Languages'),
(4,	'Python',	1,	'Languages'),
(5,	'PL/SQL',	1,	'Languages'),
(6,	'Tableau ',	2,	'Data Visualization tools'),
(7,	'Looker',	2,	'Data Visualization tools'),
(8,	'Zoho Analytics',	2,	'Data Visualization tools'),
(9,	'Sisense',	2,	'Data Visualization tools'),
(10,	'IBM Cognos Analytics',	2,	'Data Visualization tools'),
(11,	'Qlik Sense',	2,	'Data Visualization tools'),
(12,	'Domo',	2,	'Data Visualization tools'),
(13,	'Microsoft Power BI',	2,	'Data Visualization tools'),
(14,	'Klipfolio',	2,	'Data Visualization tools'),
(15,	'SAP Analytics Cloud',	2,	'Data Visualization tools'),
(16,	'Alteryx ',	3,	'ETL Tools'),
(17,	'Xplenty ',	3,	'ETL Tools'),
(18,	'BiG EVAL ',	3,	'ETL Tools'),
(19,	'CData Sync ',	3,	'ETL Tools'),
(20,	'QuerySurge  ',	3,	'ETL Tools'),
(21,	'DBConvert ',	3,	'ETL Tools'),
(22,	'Qlik Real-Time ETL ',	3,	'ETL Tools'),
(23,	'Skyvia ',	3,	'ETL Tools'),
(24,	'IRI Voracity ',	3,	'ETL Tools'),
(25,	'Sprinkle ',	3,	'ETL Tools'),
(26,	'DBConvert Studio By SLOTIX s.r.o.  ',	3,	'ETL Tools'),
(27,	'Informatica PowerCenter ',	3,	'ETL Tools'),
(28,	'IBM Infosphere DataStage ',	3,	'ETL Tools'),
(29,	'Oracle Data Integrator ',	3,	'ETL Tools'),
(30,	'Microsoft  SQL Server Integrated Services (SSIS) ',	3,	'ETL Tools'),
(31,	'Ab Initio ',	3,	'ETL Tools'),
(32,	'Talend ',	3,	'ETL Tools'),
(33,	'CloverDX ',	3,	'ETL Tools'),
(34,	'Pentaho Data Integration ',	3,	'ETL Tools'),
(35,	'Apache Nifi ',	3,	'ETL Tools'),
(36,	'SAS ',	3,	'ETL Tools'),
(37,	'SAP BusinessObjects Data Integrator ',	3,	'ETL Tools'),
(38,	'Oracle Warehouse Builder ',	3,	'ETL Tools'),
(39,	'Sybase ETL ',	3,	'ETL Tools'),
(40,	'DBSoftlab ',	3,	'ETL Tools'),
(41,	'Jasper ',	3,	'ETL Tools'),
(42,	'Apache Camel ',	3,	'ETL Tools'),
(43,	'Azure Data factory ',	3,	'ETL Tools'),
(44,	'Blendo ',	3,	'ETL Tools'),
(45,	'AWS Glue ',	3,	'ETL Tools'),
(46,	'MSSQL ',	4,	'Realational Databases'),
(47,	'Oracle Database ',	4,	'Realational Databases'),
(48,	'MySQL ',	4,	'Realational Databases'),
(49,	'IBM Db2 ',	4,	'Realational Databases'),
(50,	'Amazon Aurora ',	4,	'Realational Databases'),
(51,	'Amazon Relational Database Service (RDS) ',	4,	'Realational Databases'),
(52,	'PostgreSQL ',	4,	'Realational Databases'),
(53,	'SAP HANA ',	4,	'Realational Databases'),
(54,	'IBM Informix ',	4,	'Realational Databases'),
(55,	'MariaDB ',	4,	'Realational Databases'),
(56,	'Redshift ',	4,	'Realational Databases'),
(57,	'AllegroGraph ',	5,	'Graph Databases'),
(58,	'Amazon Neptune ',	5,	'Graph Databases'),
(59,	'ArangoDB ',	5,	'Graph Databases'),
(60,	'Azure Cosmos DB ',	5,	'Graph Databases'),
(61,	'DEX/Sparksee ',	5,	'Graph Databases'),
(62,	'FlockDB ',	5,	'Graph Databases'),
(63,	'IBM DB2 ',	5,	'Graph Databases'),
(64,	'InfiniteGraph ',	5,	'Graph Databases'),
(65,	'MarkLogic ',	5,	'Graph Databases'),
(66,	'Neo4j ',	5,	'Graph Databases'),
(67,	'OpenLink Virtuoso ',	5,	'Graph Databases'),
(68,	'Oracle ',	5,	'Graph Databases'),
(69,	'OrientDB ',	5,	'Graph Databases'),
(70,	'OWLIM ',	5,	'Graph Databases'),
(71,	'Profium Sense ',	5,	'Graph Databases'),
(72,	'Sqrrl Enterprise ',	5,	'Graph Databases'),
(73,	'db4o ',	7,	'Object Databases'),
(74,	'GemStone/S ',	7,	'Object Databases'),
(75,	'InterSystems Caché ',	7,	'Object Databases'),
(76,	'JADE ',	7,	'Object Databases'),
(77,	'ObjectDatabase++ ',	7,	'Object Databases'),
(78,	'ObjectDB ',	7,	'Object Databases'),
(79,	'Objectivity/DB ',	7,	'Object Databases'),
(80,	'ObjectStore ',	7,	'Object Databases'),
(81,	'ODABA ',	7,	'Object Databases'),
(82,	'Perst ',	7,	'Object Databases'),
(83,	'Realm ',	7,	'Object Databases'),
(84,	'OpenLink Virtuoso ',	7,	'Object Databases'),
(85,	'Versant Object Database ',	7,	'Object Databases'),
(86,	'ZODB ',	7,	'Object Databases'),
(87,	'Apache Accumulo ',	8,	'Tabular Databases'),
(88,	'Bigtable ',	8,	'Tabular Databases'),
(89,	'Apache Hbase ',	8,	'Tabular Databases'),
(90,	'Hypertable ',	8,	'Tabular Databases'),
(91,	'Mnesia ',	8,	'Tabular Databases'),
(92,	'OpenLink Virtuoso ',	8,	'Tabular Databases'),
(93,	'Apache River ',	9,	'Tuple store'),
(94,	'GigaSpaces ',	9,	'Tuple store'),
(95,	'Tarantool ',	9,	'Tuple store'),
(96,	'TIBCO ActiveSpaces ',	9,	'Tuple store'),
(97,	'OpenLink Virtuoso ',	9,	'Tuple store'),
(98,	'AllegroGraph ',	10,	'Triple/quad store (RDF) database'),
(99,	'MarkLogic ',	10,	'Triple/quad store (RDF) database'),
(100,	'Ontotext-OWLIM ',	10,	'Triple/quad store (RDF) database'),
(101,	'Oracle NoSQL database ',	10,	'Triple/quad store (RDF) database'),
(102,	'Profium Sense ',	10,	'Triple/quad store (RDF) database'),
(103,	'Virtuoso Universal Server ',	10,	'Triple/quad store (RDF) database'),
(104,	'Azure Cosmos DB ',	10,	'Hosted'),
(105,	'Amazon DynamoDB ',	10,	'Hosted'),
(106,	'Amazon DocumentDB ',	10,	'Hosted'),
(107,	'Amazon SimpleDB ',	10,	'Hosted'),
(108,	'Clusterpoint database ',	10,	'Hosted'),
(109,	'Cloudant Data Layer (CouchDB) ',	10,	'Hosted'),
(110,	'Freebase ',	10,	'Hosted'),
(111,	'Google Cloud Datastore ',	10,	'Hosted'),
(112,	'Microsoft Azure Storage services ',	10,	'Hosted'),
(113,	'OpenLink Virtuoso ',	10,	'Hosted'),
(114,	'MongoDB ',	10,	'Hosted'),
(115,	'D3 Pick database',	11,	'Multivalue databases'),
(116,	'Extensible Storage Engine (ESE/NT)',	11,	'Multivalue databases'),
(117,	'InfinityDB',	11,	'Multivalue databases'),
(118,	'InterSystems Caché',	11,	'Multivalue databases'),
(119,	'jBASE Pick database',	11,	'Multivalue databases'),
(120,	'mvBase Rocket Software',	11,	'Multivalue databases'),
(121,	'mvEnterprise Rocket Software',	11,	'Multivalue databases'),
(122,	'Northgate Information Solutions Reality, the original Pick/MV Database',	11,	'Multivalue databases'),
(123,	'OpenQM',	11,	'Multivalue databases'),
(124,	'Revelation Software\'s OpenInsight (Windows) and Advanced Revelation (DOS)',	11,	'Multivalue databases'),
(125,	'UniData Rocket U2',	11,	'Multivalue databases'),
(126,	'UniVerse Rocket U2',	11,	'Multivalue databases'),
(127,	'Azure Cosmos DB',	12,	'Multimodel database'),
(128,	'Apache Ignite[26][27]',	12,	'Multimodel database'),
(129,	'ArangoDB',	12,	'Multimodel database'),
(130,	'Couchbase',	12,	'Multimodel database'),
(131,	'FoundationDB',	12,	'Multimodel database'),
(132,	'MarkLogic',	12,	'Multimodel database'),
(133,	'OrientDB',	12,	'Multimodel database'),
(134,	'Oracle Database',	12,	'Multimodel database'),
(135,	'SolarWinds Database Performance Analyzer',	13,	'Database management systems'),
(136,	'DbVisualizer',	13,	'Database management systems'),
(137,	'ManageEngine Applications Manager',	13,	'Database management systems'),
(138,	'Altibase',	13,	'Database management systems'),
(139,	'Oracle RDBMS',	13,	'Database management systems'),
(140,	'IBM DB2',	13,	'Database management systems'),
(141,	'Microsoft SQL Server',	13,	'Database management systems'),
(142,	'SAP Sybase ASE',	13,	'Database management systems'),
(143,	'Teradata',	13,	'Database management systems'),
(144,	'ADABAS',	13,	'Database management systems'),
(145,	'MySQL',	13,	'Database management systems'),
(146,	'FileMaker',	13,	'Database management systems'),
(147,	'Microsoft Access',	13,	'Database management systems'),
(148,	'Informix',	13,	'Database management systems'),
(149,	'SQLite',	13,	'Database management systems'),
(150,	'PostgresSQL',	13,	'Database management systems'),
(151,	'AmazonRDS',	13,	'Database management systems'),
(152,	'MongoDB',	13,	'Database management systems'),
(153,	'Redis',	13,	'Database management systems'),
(154,	'CouchDB',	13,	'Database management systems'),
(155,	'Neo4j',	13,	'Database management systems'),
(156,	'OrientDB',	13,	'Database management systems'),
(157,	'Couchbase',	13,	'Database management systems'),
(158,	'Toad',	13,	'Database management systems'),
(159,	'phpMyAdmin',	13,	'Database management systems'),
(160,	'SQL Developer',	13,	'Database management systems'),
(161,	'Seqel PRO',	13,	'Database management systems'),
(162,	'Robomongo',	13,	'Database management systems'),
(163,	'Hadoop HDFS',	13,	'Database management systems'),
(164,	'Cloudera',	13,	'Database management systems'),
(165,	'MariaDB',	13,	'Database management systems');

DROP TABLE IF EXISTS `states`;
CREATE TABLE `states` (
  `id` int(11) NOT NULL AUTO_INCREMENT,
  `country_id` int(11) NOT NULL,
  `state_name` varchar(255) NOT NULL,
  PRIMARY KEY (`id`)
) ENGINE=InnoDB DEFAULT CHARSET=latin1;

TRUNCATE `states`;
INSERT INTO `states` (`id`, `country_id`, `state_name`) VALUES
(1,	1,	'Badakhshan'),
(2,	1,	'Badghis'),
(3,	1,	'Baghlan'),
(4,	1,	'Balkh'),
(5,	1,	'Bamian'),
(6,	1,	'Farah'),
(7,	1,	'Faryab'),
(8,	1,	'Ghazni'),
(9,	1,	'Ghowr'),
(10,	1,	'Helmand'),
(11,	1,	'Herat'),
(12,	1,	'Jowzjan'),
(13,	1,	'Kabol'),
(14,	1,	'Kandahar'),
(15,	1,	'Kapisa'),
(16,	1,	'Konar'),
(17,	1,	'Kondoz'),
(18,	1,	'Laghman'),
(19,	1,	'Lowgar'),
(20,	1,	'Nangarhar'),
(21,	1,	'Nimruz'),
(22,	1,	'Oruzgan'),
(23,	1,	'Paktia'),
(24,	1,	'Paktika'),
(25,	1,	'Parvan'),
(26,	1,	'Samangan'),
(27,	1,	'Sar-e Pol'),
(28,	1,	'Takhar'),
(29,	1,	'Vardak'),
(30,	1,	'Zabol'),
(31,	2,	'Berat'),
(35,	2,	'Diber (Peshkopi)'),
(36,	2,	'Durres'),
(37,	2,	'Elbasan'),
(38,	2,	'Fier'),
(39,	2,	'Gjirokaster'),
(44,	2,	'Korce'),
(47,	2,	'Kukes'),
(49,	2,	'Lezhe'),
(61,	2,	'Shkoder'),
(64,	2,	'Tirane (Tirana)'),
(67,	2,	'Vlore'),
(68,	3,	'Adrar'),
(69,	3,	'Ain Defla'),
(70,	3,	'Ain Temouchent'),
(71,	3,	'Alger'),
(72,	3,	'Annaba'),
(73,	3,	'Batna'),
(74,	3,	'Bechar'),
(75,	3,	'Bejaia'),
(76,	3,	'Biskra'),
(77,	3,	'Blida'),
(78,	3,	'Bordj Bou Arreridj'),
(79,	3,	'Bouira'),
(80,	3,	'Boumerdes'),
(81,	3,	'Chlef'),
(82,	3,	'Constantine'),
(83,	3,	'Djelfa'),
(84,	3,	'El Bayadh'),
(85,	3,	'El Oued'),
(86,	3,	'El Tarf'),
(87,	3,	'Ghardaia'),
(88,	3,	'Guelma'),
(89,	3,	'Illizi'),
(90,	3,	'Jijel'),
(91,	3,	'Khenchela'),
(92,	3,	'Laghouat'),
(93,	3,	'Mascara'),
(94,	3,	'Medea'),
(95,	3,	'Mila'),
(96,	3,	'Mostaganem'),
(97,	3,	'Naama'),
(98,	3,	'Oran'),
(99,	3,	'Ouargla'),
(100,	3,	'Oum el Bouaghi'),
(101,	3,	'Relizane'),
(102,	3,	'Saida'),
(103,	3,	'Setif'),
(104,	3,	'Sidi Bel Abbes'),
(105,	3,	'Skikda'),
(106,	3,	'Souk Ahras'),
(107,	3,	'Tamanghasset'),
(108,	3,	'Tebessa'),
(109,	3,	'Tiaret'),
(110,	3,	'Tindouf'),
(111,	3,	'Tipaza'),
(112,	3,	'Tissemsilt'),
(113,	3,	'Tizi Ouzou'),
(114,	3,	'Tlemcen'),
(115,	4,	'Eastern'),
(116,	4,	'Rose Island'),
(117,	4,	'Swains Island'),
(118,	4,	'Western'),
(119,	5,	'Andorra la Vella'),
(120,	5,	'Bengo'),
(121,	5,	'Benguela'),
(122,	5,	'Bie'),
(123,	5,	'Cabinda'),
(124,	5,	'Canillo'),
(125,	5,	'Cuando Cubango'),
(126,	5,	'Cuanza Norte'),
(127,	5,	'Cuanza Sul'),
(128,	5,	'Cunene'),
(129,	5,	'Encamp'),
(130,	5,	'Escaldes-Engordany'),
(131,	5,	'Huambo'),
(132,	5,	'Huila'),
(133,	5,	'La Massana'),
(134,	5,	'Luanda'),
(135,	5,	'Lunda Norte'),
(136,	5,	'Lunda Sul'),
(137,	5,	'Malanje'),
(138,	5,	'Moxico'),
(139,	5,	'Namibe'),
(140,	5,	'Ordino'),
(141,	5,	'Sant Julia de Loria'),
(142,	5,	'Uige'),
(143,	5,	'Zaire'),
(145,	7,	'Unclaimed (NT) '),
(146,	8,	'Barbuda'),
(147,	8,	'Redonda'),
(148,	8,	'Saint George'),
(149,	8,	'Saint John'),
(150,	8,	'Saint Mary'),
(151,	8,	'Saint Paul'),
(152,	8,	'Saint Peter'),
(153,	8,	'Saint Philip'),
(154,	9,	'Antartica e Islas del Atlantico Sur'),
(155,	9,	'Buenos Aires'),
(156,	9,	'Buenos Aires Capital Federal'),
(157,	9,	'Catamarca'),
(158,	9,	'Chaco'),
(159,	9,	'Chubut'),
(160,	9,	'Cordoba'),
(161,	9,	'Corrientes'),
(162,	9,	'Entre Rios'),
(163,	9,	'Formosa'),
(164,	9,	'Jujuy'),
(165,	9,	'La Pampa'),
(166,	9,	'La Rioja'),
(167,	9,	'Mendoza'),
(168,	9,	'Misiones'),
(169,	9,	'Neuquen'),
(170,	9,	'Rio Negro'),
(171,	9,	'Salta'),
(172,	9,	'San Juan'),
(173,	9,	'San Luis'),
(174,	9,	'Santa Cruz'),
(175,	9,	'Santa Fe'),
(176,	9,	'Santiago del Estero'),
(177,	9,	'Tierra del Fuego'),
(178,	9,	'Tucuman'),
(179,	10,	'Aragatsotn'),
(180,	10,	'Ararat'),
(181,	10,	'Armavir'),
(182,	10,	'Lorri'),
(183,	10,	'Shirak'),
(184,	10,	'Tavush'),
(185,	10,	'Yerevan'),
(186,	11,	'Aruba'),
(187,	12,	'Ashmore and Cartier Island'),
(188,	13,	'Australian Capital Territory'),
(189,	13,	'New South Wales'),
(190,	13,	'Northern Territory'),
(191,	13,	'Queensland'),
(192,	13,	'South Australia'),
(193,	13,	'Tasmania'),
(194,	13,	'Victoria'),
(195,	13,	'Western Australia'),
(196,	14,	'Burgenland'),
(197,	14,	'Kaernten'),
(198,	14,	'Niederoesterreich'),
(199,	14,	'Oberoesterreich'),
(200,	14,	'Salzburg'),
(201,	14,	'Steiermark'),
(202,	14,	'Tirol'),
(203,	14,	'Vorarlberg'),
(204,	14,	'Wien'),
(205,	15,	'Absheron Rayonu'),
(206,	15,	'Agcabadi Rayonu'),
(207,	15,	'Aghdam Rayonu'),
(208,	15,	'Aghdash Rayonu'),
(209,	15,	'Agstafa Rayonu'),
(210,	15,	'Agshu Rayonu'),
(211,	15,	'Ali Bayramli Sahari'),
(212,	15,	'Astara Rayonu'),
(213,	15,	'Baki Sahari'),
(214,	15,	'Balakan Rayonu'),
(215,	15,	'Barda Rayonu'),
(216,	15,	'Beylaqan Rayonu'),
(217,	15,	'Bilasuvar Rayonu'),
(218,	15,	'Cabrayil Rayonu'),
(219,	15,	'Calilabad Rayonu'),
(220,	15,	'Daskasan Rayonu'),
(221,	15,	'Davaci Rayonu'),
(222,	15,	'Fuzuli Rayonu'),
(223,	15,	'Gadabay Rayonu'),
(224,	15,	'Ganca Sahari'),
(225,	15,	'Goranboy Rayonu'),
(226,	15,	'Goycay Rayonu'),
(227,	15,	'Haciqabul Rayonu'),
(228,	15,	'Imisli Rayonu'),
(229,	15,	'Ismayilli Rayonu'),
(230,	15,	'Kalbacar Rayonu'),
(231,	15,	'Kurdamir Rayonu'),
(232,	15,	'Lacin Rayonu'),
(233,	15,	'Lankaran'),
(235,	15,	'Lerik Rayonu'),
(236,	15,	'Masalli Rayonu'),
(237,	15,	'Mingacevir Sahari'),
(238,	15,	'Naftalan Sahari'),
(239,	15,	'Naxcivan'),
(240,	15,	'Naftalan Rayonu'),
(241,	15,	'Oguz Rayonu'),
(242,	15,	'Qabala Rayonu'),
(243,	15,	'Qax Rayonu'),
(244,	15,	'Qazax Rayonu'),
(245,	15,	'Qobustan Rayonu'),
(246,	15,	'Quba Rayonu'),
(247,	15,	'Qubadli Rayonu'),
(248,	15,	'Qusar Rayonu'),
(249,	15,	'Saatli Rayonu'),
(250,	15,	'Sabirabad Rayonu'),
(251,	15,	'Saki Rayonu'),
(252,	15,	'Saki Sahari'),
(253,	15,	'Salyan Rayonu'),
(254,	15,	'Samaxi Rayonu'),
(255,	15,	'Samkir Rayonu'),
(256,	15,	'Samux Rayonu'),
(257,	15,	'Siyazan Rayonu'),
(258,	15,	'Sumqayit Sahari'),
(259,	15,	'Susa Rayonu'),
(260,	15,	'Susa Sahari'),
(261,	15,	'Tartar Rayonu'),
(262,	15,	'Tovuz Rayonu'),
(263,	15,	'Ucar Rayonu'),
(264,	15,	'Xacmaz Rayonu'),
(265,	15,	'Xankandi Sahari'),
(266,	15,	'Xanlar Rayonu'),
(267,	15,	'Xizi Rayonu'),
(268,	15,	'Xocali Rayonu'),
(269,	15,	'Xocavand Rayonu'),
(270,	15,	'Yardimli Rayonu'),
(271,	15,	'Yevlax Rayonu'),
(272,	15,	'Yevlax Sahari'),
(273,	15,	'Zangilan Rayonu'),
(274,	15,	'Zaqatala Rayonu'),
(275,	15,	'Zardab Rayonu'),
(276,	16,	'Acklins and Crooked Islands'),
(277,	16,	'Bimini'),
(278,	16,	'Cat Island'),
(279,	16,	'Exuma'),
(280,	16,	'Freeport'),
(281,	16,	'Fresh Creek'),
(282,	16,	'Green Turtle Cay'),
(283,	16,	'Harbour Island'),
(284,	16,	'High Rock'),
(285,	16,	'Inagua'),
(286,	16,	'Kemps Bay'),
(287,	16,	'Long Island'),
(288,	16,	'Marsh Harbour'),
(289,	16,	'Mayaguana'),
(290,	16,	'New Providence'),
(291,	16,	'Nicholls Town and Berry Islands'),
(292,	16,	'Ragged Island'),
(293,	16,	'Rock Sound'),
(294,	16,	'San Salvador and Rum Cay'),
(295,	16,	'Sandy Point'),
(296,	17,	'Al Hadd'),
(297,	17,	'Al Manamah'),
(298,	17,	'Al Mintaqah al Gharbiyah'),
(299,	17,	'Al Mintaqah al Wusta'),
(300,	17,	'Al Mintaqah ash Shamaliyah'),
(301,	17,	'Al Muharraq'),
(302,	17,	'Jidd Hafs'),
(303,	17,	'Juzur Hawar'),
(304,	17,	'Madinat Hamad'),
(305,	17,	'Sitrah'),
(307,	18,	'Barisal'),
(315,	18,	'Chittagong'),
(322,	18,	'Dhaka'),
(343,	18,	'Khulna'),
(361,	18,	'Rajshahi'),
(362,	18,	'Rangpur'),
(368,	18,	'Sylhet'),
(370,	19,	'Christ Church'),
(371,	19,	'Saint Andrew'),
(372,	19,	'Saint George'),
(373,	19,	'Saint James'),
(374,	19,	'Saint John'),
(375,	19,	'Saint Joseph'),
(376,	19,	'Saint Lucy'),
(377,	19,	'Saint Michael'),
(378,	19,	'Saint Peter'),
(379,	19,	'Saint Philip'),
(380,	19,	'Saint Thomas'),
(381,	20,	'Brestskaya (Brest)'),
(382,	20,	'Horad Minsk'),
(383,	20,	'Hrodzyenskaya (Hrodna)'),
(384,	20,	'Mahilyowskaya (Mahilyow)'),
(385,	20,	'Minskaya'),
(386,	20,	'Vitsyebskaya (Vitsyebsk)'),
(387,	21,	'Antwerpen'),
(388,	21,	'Brabant Wallon'),
(389,	21,	'Brussels Capitol Region'),
(390,	21,	'Hainaut'),
(391,	21,	'Liege'),
(392,	21,	'Limburg'),
(393,	21,	'Luxembourg'),
(394,	21,	'Namur'),
(395,	21,	'Oost-Vlaanderen'),
(396,	21,	'Vlaams Brabant'),
(397,	21,	'West-Vlaanderen'),
(398,	22,	'Belize'),
(399,	22,	'Cayo'),
(400,	22,	'Corozal'),
(401,	22,	'Orange Walk'),
(402,	22,	'Stann Creek'),
(403,	22,	'Toledo'),
(404,	23,	'Alibori'),
(405,	23,	'Atakora'),
(406,	23,	'Atlantique'),
(407,	23,	'Borgou'),
(408,	23,	'Collines'),
(409,	23,	'Couffo'),
(410,	23,	'Donga'),
(411,	23,	'Littoral'),
(412,	23,	'Mono'),
(413,	23,	'Oueme'),
(414,	23,	'Plateau'),
(415,	23,	'Zou'),
(416,	24,	'Devonshire'),
(417,	24,	'Hamilton'),
(418,	24,	'Hamilton Municipality'),
(419,	24,	'Paget'),
(420,	24,	'Pembroke'),
(421,	24,	'Saint George Municipality'),
(422,	24,	'Saint Georges'),
(423,	24,	'Sandys'),
(424,	24,	'Smiths'),
(425,	24,	'Southampton'),
(426,	24,	'Warwick'),
(427,	25,	'Bumthang'),
(428,	25,	'Chhukha'),
(430,	25,	'Dagana'),
(432,	25,	'Haa'),
(433,	25,	'Lhuntshi'),
(434,	25,	'Mongar'),
(435,	25,	'Paro'),
(436,	25,	'Pemagatsel'),
(437,	25,	'Punakha'),
(438,	25,	'Samchi'),
(439,	25,	'Samdrup Jongkhar'),
(440,	25,	'Sarpang'),
(441,	25,	'Tashi Gang'),
(442,	25,	'Thimphu'),
(443,	25,	'Trongsa'),
(444,	25,	'Wangdi Phodrang'),
(445,	26,	'Beni'),
(446,	26,	'Chuquisaca'),
(447,	26,	'Cochabamba'),
(448,	26,	'La Paz'),
(449,	26,	'Oruro'),
(450,	26,	'Pando'),
(451,	26,	'Potosi'),
(452,	26,	'Santa Cruz'),
(453,	26,	'Tarija'),
(454,	27,	'Federation of Bosnia and Herzegovina'),
(455,	27,	'Republika Srpska'),
(456,	28,	'Central'),
(460,	28,	'Ghanzi'),
(461,	28,	'Kgalagadi'),
(462,	28,	'Kgatleng'),
(463,	28,	'Kweneng'),
(466,	28,	'North-East'),
(467,	28,	'North-West'),
(468,	28,	'South-East'),
(469,	28,	'Southern'),
(470,	29,	'Acre'),
(471,	29,	'Alagoas'),
(472,	29,	'Amapa'),
(473,	29,	'Amazonas'),
(474,	29,	'Bahia'),
(475,	29,	'Ceara'),
(476,	29,	'Distrito Federal'),
(477,	29,	'Espirito Santo'),
(478,	29,	'Goias'),
(479,	29,	'Maranhao'),
(480,	29,	'Mato Grosso'),
(481,	29,	'Mato Grosso do Sul'),
(482,	29,	'Minas Gerais'),
(483,	29,	'Para'),
(484,	29,	'Paraiba'),
(485,	29,	'Parana'),
(486,	29,	'Pernambuco'),
(487,	29,	'Piaui'),
(488,	29,	'Rio de Janeiro'),
(489,	29,	'Rio Grande do Norte'),
(490,	29,	'Rio Grande do Sul'),
(491,	29,	'Rondonia'),
(492,	29,	'Roraima'),
(493,	29,	'Santa Catarina'),
(494,	29,	'Sao Paulo'),
(495,	29,	'Sergipe'),
(496,	29,	'Tocantins'),
(497,	30,	'Anegada'),
(498,	30,	'Jost Van Dyke'),
(499,	30,	'Tortola'),
(500,	30,	'Virgin Gorda'),
(501,	31,	'Belait'),
(502,	31,	'Brunei and Muara'),
(503,	31,	'Temburong'),
(504,	31,	'Tutong'),
(505,	32,	'Blagoevgrad'),
(506,	32,	'Burgas'),
(507,	32,	'Dobrich'),
(508,	32,	'Gabrovo'),
(509,	32,	'Khaskovo'),
(510,	32,	'Kurdzhali'),
(511,	32,	'Kyustendil'),
(512,	32,	'Lovech'),
(513,	32,	'Montana'),
(514,	32,	'Pazardzhik'),
(515,	32,	'Pernik'),
(516,	32,	'Pleven'),
(517,	32,	'Plovdiv'),
(518,	32,	'Razgrad'),
(519,	32,	'Ruse'),
(520,	32,	'Shumen'),
(521,	32,	'Silistra'),
(522,	32,	'Sliven'),
(523,	32,	'Smolyan'),
(524,	32,	'Sofiya'),
(525,	32,	'Sofiya-Grad'),
(526,	32,	'Stara Zagora'),
(527,	32,	'Turgovishte'),
(528,	32,	'Varna'),
(529,	32,	'Veliko Turnovo'),
(530,	32,	'Vidin'),
(531,	32,	'Vratsa'),
(532,	32,	'Yambol'),
(533,	33,	'Bale'),
(534,	33,	'Bam'),
(535,	33,	'Banwa'),
(536,	33,	'Bazega'),
(537,	33,	'Bougouriba'),
(538,	33,	'Boulgou'),
(539,	33,	'Boulkiemde'),
(540,	33,	'Comoe'),
(541,	33,	'Ganzourgou'),
(542,	33,	'Gnagna'),
(543,	33,	'Gourma'),
(544,	33,	'Houet'),
(545,	33,	'Ioba'),
(546,	33,	'Kadiogo'),
(547,	33,	'Kenedougou'),
(548,	33,	'Komandjari'),
(549,	33,	'Kompienga'),
(550,	33,	'Kossi'),
(551,	33,	'Koupelogo'),
(552,	33,	'Kouritenga'),
(553,	33,	'Kourweogo'),
(554,	33,	'Leraba'),
(555,	33,	'Loroum'),
(556,	33,	'Mouhoun'),
(557,	33,	'Nahouri'),
(558,	33,	'Namentenga'),
(559,	33,	'Naumbiel'),
(560,	33,	'Nayala'),
(561,	33,	'Oubritenga'),
(562,	33,	'Oudalan'),
(563,	33,	'Passore'),
(564,	33,	'Poni'),
(565,	33,	'Samentenga'),
(566,	33,	'Sanguie'),
(567,	33,	'Seno'),
(568,	33,	'Sissili'),
(569,	33,	'Soum'),
(570,	33,	'Sourou'),
(571,	33,	'Tapoa'),
(572,	33,	'Tuy'),
(573,	33,	'Yagha'),
(574,	33,	'Yatenga'),
(575,	33,	'Ziro'),
(576,	33,	'Zondomo'),
(577,	33,	'Zoundweogo'),
(578,	34,	'Ayeyarwady'),
(579,	34,	'Bago'),
(580,	34,	'Chin State'),
(581,	34,	'Kachin State'),
(582,	34,	'Kayah State'),
(583,	34,	'Kayin State'),
(584,	34,	'Magway'),
(585,	34,	'Mandalay'),
(586,	34,	'Mon State'),
(587,	34,	'Rakhine State'),
(588,	34,	'Sagaing'),
(589,	34,	'Shan State'),
(590,	34,	'Tanintharyi'),
(591,	34,	'Yangon'),
(592,	35,	'Bubanza'),
(593,	35,	'Bujumbura'),
(594,	35,	'Bururi'),
(595,	35,	'Cankuzo'),
(596,	35,	'Cibitoke'),
(597,	35,	'Gitega'),
(598,	35,	'Karuzi'),
(599,	35,	'Kayanza'),
(600,	35,	'Kirundo'),
(601,	35,	'Makamba'),
(602,	35,	'Muramvya'),
(603,	35,	'Muyinga'),
(604,	35,	'Mwaro'),
(605,	35,	'Ngozi'),
(606,	35,	'Rutana'),
(607,	35,	'Ruyigi'),
(608,	36,	'Banteay Mean Cheay'),
(609,	36,	'Batdambang'),
(610,	36,	'Kampong Cham'),
(611,	36,	'Kampong Chhnang'),
(612,	36,	'Kampong Spoe'),
(613,	36,	'Kampong Thum'),
(614,	36,	'Kampot'),
(615,	36,	'Kandal'),
(616,	36,	'Kaoh Kong'),
(617,	36,	'Keb'),
(618,	36,	'Kracheh'),
(619,	36,	'Mondol Kiri'),
(620,	36,	'Otdar Mean Cheay'),
(621,	36,	'Pailin'),
(622,	36,	'Phnum Penh'),
(623,	36,	'Pouthisat'),
(624,	36,	'Preah Seihanu (Sihanoukville)'),
(625,	36,	'Preah Vihear'),
(626,	36,	'Prey Veng'),
(627,	36,	'Rotanah Kiri'),
(628,	36,	'Siem Reab'),
(629,	36,	'Stoeng Treng'),
(630,	36,	'Svay Rieng'),
(631,	36,	'Takev'),
(632,	37,	'Adamaoua'),
(633,	37,	'Centre'),
(634,	37,	'Est'),
(635,	37,	'Extreme-Nord'),
(636,	37,	'Littoral'),
(637,	37,	'Nord'),
(638,	37,	'Nord-Ouest'),
(639,	37,	'Ouest'),
(640,	37,	'Sud'),
(641,	37,	'Sud-Ouest'),
(642,	38,	'Alberta'),
(643,	38,	'British Columbia'),
(644,	38,	'Manitoba'),
(645,	38,	'New Brunswick'),
(646,	38,	'Newfoundland'),
(647,	38,	'Northwest Territories'),
(648,	38,	'Nova Scotia'),
(649,	38,	'Nunavut'),
(650,	38,	'Ontario'),
(651,	38,	'Prince Edward Island'),
(652,	38,	'Quebec'),
(653,	38,	'Saskatchewan'),
(654,	38,	'Yukon Territory'),
(655,	39,	'Boa Vista'),
(656,	39,	'Brava'),
(657,	39,	'Maio'),
(658,	39,	'Mosteiros'),
(659,	39,	'Paul'),
(660,	39,	'Porto Novo'),
(661,	39,	'Praia'),
(662,	39,	'Ribeira Grande'),
(663,	39,	'Sal'),
(664,	39,	'Santa Catarina'),
(665,	39,	'Santa Cruz'),
(666,	39,	'Sao Domingos'),
(667,	39,	'Sao Filipe'),
(668,	39,	'Sao Nicolau'),
(669,	39,	'Sao Vicente'),
(670,	39,	'Tarrafal'),
(671,	40,	'Creek'),
(672,	40,	'Eastern'),
(673,	40,	'Midland'),
(674,	40,	'South Town'),
(675,	40,	'Spot Bay'),
(676,	40,	'Stake Bay'),
(677,	40,	'West End'),
(678,	40,	'Western'),
(679,	41,	'Bamingui-Bangoran'),
(680,	41,	'Bangui'),
(681,	41,	'Basse-Kotto'),
(682,	41,	'Gribingui'),
(683,	41,	'Haut-Mbomou'),
(684,	41,	'Haute-Kotto'),
(685,	41,	'Haute-Sangha'),
(686,	41,	'Kemo-Gribingui'),
(687,	41,	'Lobaye'),
(688,	41,	'Mbomou'),
(689,	41,	'Nana-Mambere'),
(690,	41,	'Ombella-Mpoko'),
(691,	41,	'Ouaka'),
(692,	41,	'Ouham'),
(693,	41,	'Ouham-Pende'),
(694,	41,	'Sangha'),
(695,	41,	'Vakaga'),
(696,	42,	'Batha'),
(697,	42,	'Biltine'),
(698,	42,	'Borkou-Ennedi-Tibesti'),
(699,	42,	'Chari-Baguirmi'),
(700,	42,	'Guera'),
(701,	42,	'Kanem'),
(702,	42,	'Lac'),
(703,	42,	'Logone Occidental'),
(704,	42,	'Logone Oriental'),
(705,	42,	'Mayo-Kebbi'),
(706,	42,	'Moyen-Chari'),
(707,	42,	'Ouaddai'),
(708,	42,	'Salamat'),
(709,	42,	'Tandjile'),
(710,	43,	'Aisen del General Carlos Ibanez del Campo'),
(711,	43,	'Antofagasta'),
(712,	43,	'Araucania'),
(713,	43,	'Atacama'),
(714,	43,	'Bio-Bio'),
(715,	43,	'Coquimbo'),
(716,	43,	'Los Lagos'),
(717,	43,	'Magallanes y de la Antartica Chilena'),
(718,	43,	'Maule'),
(719,	43,	'Region Metropolitana (Santiago)'),
(720,	43,	'Tarapaca'),
(721,	43,	'Valparaiso'),
(750,	45,	'Anhui'),
(751,	45,	'Beijing'),
(752,	45,	'Chongqing'),
(753,	45,	'Fujian'),
(754,	45,	'Gansu'),
(755,	45,	'Guangdong'),
(756,	45,	'Guangxi'),
(757,	45,	'Guizhou'),
(758,	45,	'Hainan'),
(759,	45,	'Hebei'),
(760,	45,	'Heilongjiang'),
(761,	45,	'Henan'),
(762,	45,	'Hubei'),
(763,	45,	'Hunan'),
(764,	45,	'Jiangsu'),
(765,	45,	'Jiangxi'),
(766,	45,	'Jilin'),
(767,	45,	'Liaoning'),
(768,	45,	'Nei Mongol'),
(769,	45,	'Ningxia'),
(770,	45,	'Qinghai'),
(771,	45,	'Shaanxi'),
(772,	45,	'Shandong'),
(773,	45,	'Shanghai'),
(774,	45,	'Shanxi'),
(775,	45,	'Sichuan'),
(776,	45,	'Tianjin'),
(777,	45,	'Xinjiang'),
(778,	45,	'Xizang (Tibet)'),
(779,	45,	'Yunnan'),
(780,	45,	'Zhejiang'),
(781,	46,	'Christmas Island'),
(782,	47,	'Clipperton Island'),
(783,	48,	'Direction Island'),
(784,	48,	'Home Island'),
(785,	48,	'Horsburgh Island'),
(786,	48,	'North Keeling Island'),
(787,	48,	'South Island'),
(788,	48,	'West Island'),
(789,	49,	'Amazonas'),
(790,	49,	'Antioquia'),
(791,	49,	'Arauca'),
(792,	49,	'Atlantico'),
(793,	49,	'Bolivar'),
(794,	49,	'Boyaca'),
(795,	49,	'Caldas'),
(796,	49,	'Caqueta'),
(797,	49,	'Casanare'),
(798,	49,	'Cauca'),
(799,	49,	'Cesar'),
(800,	49,	'Choco'),
(801,	49,	'Cordoba'),
(802,	49,	'Cundinamarca'),
(803,	49,	'Distrito Capital de Santa Fe de Bogota'),
(804,	49,	'Guainia'),
(805,	49,	'Guaviare'),
(806,	49,	'Huila'),
(807,	49,	'La Guajira'),
(808,	49,	'Magdalena'),
(809,	49,	'Meta'),
(810,	49,	'Narino'),
(811,	49,	'Norte de Santander'),
(812,	49,	'Putumayo'),
(813,	49,	'Quindio'),
(814,	49,	'Risaralda'),
(815,	49,	'San Andres y Providencia'),
(816,	49,	'Santander'),
(817,	49,	'Sucre'),
(818,	49,	'Tolima'),
(819,	49,	'Valle del Cauca'),
(820,	49,	'Vaupes'),
(821,	49,	'Vichada'),
(822,	50,	'Anjouan (Nzwani)'),
(823,	50,	'Domoni'),
(824,	50,	'Fomboni'),
(825,	50,	'Grande Comore (Njazidja)'),
(826,	50,	'Moheli (Mwali)'),
(827,	50,	'Moroni'),
(828,	50,	'Moutsamoudou'),
(829,	51,	'Bandundu'),
(830,	51,	'Bas-Congo'),
(831,	51,	'Equateur'),
(832,	51,	'Kasai-Occidental'),
(833,	51,	'Kasai-Oriental'),
(834,	51,	'Katanga'),
(835,	51,	'Kinshasa'),
(836,	51,	'Maniema'),
(837,	51,	'Nord-Kivu'),
(838,	51,	'Orientale'),
(839,	51,	'Sud-Kivu'),
(840,	52,	'Bouenza'),
(841,	52,	'Brazzaville'),
(842,	52,	'Cuvette'),
(843,	52,	'Kouilou'),
(844,	52,	'Lekoumou'),
(845,	52,	'Likouala'),
(846,	52,	'Niari'),
(847,	52,	'Plateaux'),
(848,	52,	'Pool'),
(849,	52,	'Sangha'),
(850,	53,	'Aitutaki'),
(851,	53,	'Atiu'),
(852,	53,	'Avarua'),
(853,	53,	'Mangaia'),
(854,	53,	'Manihiki'),
(855,	53,	'Manuae'),
(856,	53,	'Mauke'),
(857,	53,	'Mitiaro'),
(858,	53,	'Nassau Island'),
(859,	53,	'Palmerston'),
(860,	53,	'Penrhyn'),
(861,	53,	'Pukapuka'),
(862,	53,	'Rakahanga'),
(863,	53,	'Rarotonga'),
(864,	53,	'Suwarrow'),
(865,	53,	'Takutea'),
(866,	54,	'Alajuela'),
(867,	54,	'Cartago'),
(868,	54,	'Guanacaste'),
(869,	54,	'Heredia'),
(870,	54,	'Limon'),
(871,	54,	'Puntarenas'),
(872,	54,	'San Jose'),
(873,	55,	'Bjelovarsko-Bilogorska Zupanija'),
(874,	55,	'Brodsko-Posavska Zupanija'),
(875,	55,	'Dubrovacko-Neretvanska Zupanija'),
(876,	55,	'Istarska Zupanija'),
(877,	55,	'Karlovacka Zupanija'),
(878,	55,	'Koprivnicko-Krizevacka Zupanija'),
(879,	55,	'Krapinsko-Zagorska Zupanija'),
(880,	55,	'Licko-Senjska Zupanija'),
(881,	55,	'Medimurska Zupanija'),
(882,	55,	'Osjecko-Baranjska Zupanija'),
(883,	55,	'Pozesko-Slavonska Zupanija'),
(884,	55,	'Primorsko-Goranska Zupanija'),
(885,	55,	'Sibensko-Kninska Zupanija'),
(886,	55,	'Sisacko-Moslavacka Zupanija'),
(887,	55,	'Splitsko-Dalmatinska Zupanija'),
(888,	55,	'Varazdinska Zupanija'),
(889,	55,	'Viroviticko-Podravska Zupanija'),
(890,	55,	'Vukovarsko-Srijemska Zupanija'),
(891,	55,	'Zadarska Zupanija'),
(892,	55,	'Zagreb'),
(893,	55,	'Zagrebacka Zupanija'),
(894,	56,	'Camaguey'),
(895,	56,	'Ciego de Avila'),
(896,	56,	'Cienfuegos'),
(897,	56,	'Ciudad de La Habana'),
(898,	56,	'Granma'),
(899,	56,	'Guantanamo'),
(900,	56,	'Holguin'),
(901,	56,	'Isla de la Juventud'),
(902,	56,	'La Habana'),
(903,	56,	'Las Tunas'),
(904,	56,	'Matanzas'),
(905,	56,	'Pinar del Rio'),
(906,	56,	'Sancti Spiritus'),
(907,	56,	'Santiago de Cuba'),
(908,	56,	'Villa Clara'),
(909,	57,	'Famagusta'),
(910,	57,	'Kyrenia'),
(911,	57,	'Larnaca'),
(912,	57,	'Limassol'),
(913,	57,	'Nicosia'),
(914,	57,	'Paphos'),
(915,	58,	'Brnensky'),
(916,	58,	'Budejovicky'),
(917,	58,	'Jihlavsky'),
(918,	58,	'Karlovarsky'),
(919,	58,	'Kralovehradecky'),
(920,	58,	'Liberecky'),
(921,	58,	'Olomoucky'),
(922,	58,	'Ostravsky'),
(923,	58,	'Pardubicky'),
(924,	58,	'Plzensky'),
(925,	58,	'Praha'),
(926,	58,	'Stredocesky'),
(927,	58,	'Ustecky'),
(928,	58,	'Zlinsky'),
(929,	59,	'Arhus'),
(930,	59,	'Bornholm'),
(931,	59,	'Fredericksberg'),
(932,	59,	'Frederiksborg'),
(933,	59,	'Fyn'),
(934,	59,	'Kobenhavn'),
(935,	59,	'Kobenhavns'),
(936,	59,	'Nordjylland'),
(937,	59,	'Ribe'),
(938,	59,	'Ringkobing'),
(939,	59,	'Roskilde'),
(940,	59,	'Sonderjylland'),
(941,	59,	'Storstrom'),
(942,	59,	'Vejle'),
(943,	59,	'Vestsjalland'),
(944,	59,	'Viborg'),
(945,	60,	'Dikhil'),
(946,	60,	'Djibouti'),
(947,	60,	'Obock'),
(948,	60,	'Tadjoura'),
(949,	61,	'Saint Andrew'),
(950,	61,	'Saint David'),
(951,	61,	'Saint George'),
(952,	61,	'Saint John'),
(953,	61,	'Saint Joseph'),
(954,	61,	'Saint Luke'),
(955,	61,	'Saint Mark'),
(956,	61,	'Saint Patrick'),
(957,	61,	'Saint Paul'),
(958,	61,	'Saint Peter'),
(959,	62,	'Azua'),
(960,	62,	'Baoruco'),
(961,	62,	'Barahona'),
(962,	62,	'Dajabon'),
(963,	62,	'Distrito Nacional'),
(964,	62,	'Duarte'),
(965,	62,	'El Seibo'),
(966,	62,	'Elias Pina'),
(967,	62,	'Espaillat'),
(968,	62,	'Hato Mayor'),
(969,	62,	'Independencia'),
(970,	62,	'La Altagracia'),
(971,	62,	'La Romana'),
(972,	62,	'La Vega'),
(973,	62,	'Maria Trinidad Sanchez'),
(974,	62,	'Monsenor Nouel'),
(975,	62,	'Monte Cristi'),
(976,	62,	'Monte Plata'),
(977,	62,	'Pedernales'),
(978,	62,	'Peravia'),
(979,	62,	'Puerto Plata'),
(980,	62,	'Salcedo'),
(981,	62,	'Samana'),
(982,	62,	'San Cristobal'),
(983,	62,	'San Juan'),
(984,	62,	'San Pedro de Macoris'),
(985,	62,	'Sanchez Ramirez'),
(986,	62,	'Santiago'),
(987,	62,	'Santiago Rodriguez'),
(988,	62,	'Valverde'),
(989,	63,	'Azuay'),
(990,	63,	'Bolivar'),
(991,	63,	'Canar'),
(992,	63,	'Carchi'),
(993,	63,	'Chimborazo'),
(994,	63,	'Cotopaxi'),
(995,	63,	'El Oro'),
(996,	63,	'Esmeraldas'),
(997,	63,	'Galapagos'),
(998,	63,	'Guayas'),
(999,	63,	'Imbabura'),
(1000,	63,	'Loja'),
(1001,	63,	'Los Rios'),
(1002,	63,	'Manabi'),
(1003,	63,	'Morona-Santiago'),
(1004,	63,	'Napo'),
(1005,	63,	'Orellana'),
(1006,	63,	'Pastaza'),
(1007,	63,	'Pichincha'),
(1008,	63,	'Sucumbios'),
(1009,	63,	'Tungurahua'),
(1010,	63,	'Zamora-Chinchipe'),
(1011,	64,	'Ad Daqahliyah'),
(1012,	64,	'Al Bahr al Ahmar'),
(1013,	64,	'Al Buhayrah'),
(1014,	64,	'Al Fayyum'),
(1015,	64,	'Al Gharbiyah'),
(1016,	64,	'Al Iskandariyah'),
(1017,	64,	'Al Jizah'),
(1018,	64,	'Al Minufiyah'),
(1019,	64,	'Al Minya'),
(1020,	64,	'Al Qahirah'),
(1021,	64,	'Al Qalyubiyah'),
(1022,	64,	'Al Wadi al Jadid'),
(1023,	64,	'As Suways'),
(1024,	64,	'Ash Sharqiyah'),
(1025,	64,	'Aswan'),
(1026,	64,	'Asyut'),
(1027,	64,	'Bani Suwayf'),
(1028,	64,	'Dumyat'),
(1029,	64,	'Kafr ash Shaykh'),
(1030,	64,	'Matruh'),
(1031,	64,	'Qina'),
(1032,	64,	'Suhaj'),
(1033,	65,	'Ahuachapan'),
(1034,	65,	'Cabanas'),
(1035,	65,	'Chalatenango'),
(1036,	65,	'Cuscatlan'),
(1037,	65,	'La Libertad'),
(1038,	65,	'La Paz'),
(1039,	65,	'La Union'),
(1040,	65,	'Morazan'),
(1041,	65,	'San Miguel'),
(1042,	65,	'San Salvador'),
(1043,	65,	'San Vicente'),
(1044,	65,	'Santa Ana'),
(1045,	65,	'Sonsonate'),
(1046,	65,	'Usulutan'),
(1047,	66,	'Annobon'),
(1048,	66,	'Bioko Norte'),
(1049,	66,	'Bioko Sur'),
(1050,	66,	'Centro Sur'),
(1051,	66,	'Kie-Ntem'),
(1052,	66,	'Litoral'),
(1053,	66,	'Wele-Nzas'),
(1054,	67,	'Anseba'),
(1055,	67,	'Debub'),
(1056,	67,	'Debubawi Keyih Bahri'),
(1057,	67,	'Gash Barka'),
(1058,	67,	'Maekel'),
(1059,	67,	'Semenawi Keyih Bahri'),
(1062,	68,	'Harjumaa (Tallinn)'),
(1063,	68,	'Hiiumaa (Kardla)'),
(1064,	68,	'Ida-Virumaa (Johvi)'),
(1065,	68,	'Jarvamaa (Paide)'),
(1066,	68,	'Jogevamaa (Jogeva)'),
(1067,	68,	'Laane-Virumaa (Rakvere)'),
(1068,	68,	'Laanemaa (Haapsalu)'),
(1069,	68,	'Parnumaa (Parnu)'),
(1070,	68,	'Polvamaa (Polva)'),
(1071,	68,	'Raplamaa (Rapla)'),
(1072,	68,	'Saaremaa (Kuessaare)'),
(1073,	68,	'Tartumaa (Tartu)'),
(1074,	68,	'Valgamaa (Valga)'),
(1075,	68,	'Viljandimaa (Viljandi)'),
(1076,	68,	'Vorumaa (Voru)'),
(1077,	69,	'Adis Abeba (Addis Ababa)'),
(1078,	69,	'Afar'),
(1079,	69,	'Amhara'),
(1080,	69,	'Dire Dawa'),
(1081,	69,	'Gambela Peoples'),
(1082,	69,	'Hareri peoples'),
(1083,	69,	'Oromiya'),
(1084,	69,	'Somali'),
(1085,	69,	'Tigray'),
(1086,	69,	'YeDebub Biheroch Bihereseboch na Hizboch'),
(1087,	70,	'Europa Island'),
(1088,	71,	'Falkland Islands (Islas Malvinas)'),
(1089,	72,	'Bordoy'),
(1090,	72,	'Eysturoy'),
(1091,	72,	'Mykines'),
(1092,	72,	'Sandoy'),
(1093,	72,	'Skuvoy'),
(1094,	72,	'Streymoy'),
(1095,	72,	'Suduroy'),
(1096,	72,	'Tvoroyri'),
(1097,	72,	'Vagar'),
(1098,	73,	'Central'),
(1099,	73,	'Eastern'),
(1100,	73,	'Northern'),
(1101,	73,	'Rotuma'),
(1102,	73,	'Western'),
(1103,	74,	'Aland'),
(1104,	74,	'Eastern Finland'),
(1105,	74,	'Lapland'),
(1106,	74,	'Oulu'),
(1107,	74,	'Southern Finland'),
(1108,	74,	'Western Finland'),
(1109,	75,	'Alsace'),
(1110,	75,	'Aquitaine'),
(1111,	75,	'Auvergne'),
(1112,	75,	'Basse-Normandie'),
(1113,	75,	'Bourgogne'),
(1114,	75,	'Bretagne'),
(1115,	75,	'Centre'),
(1116,	75,	'Champagne-Ardenne'),
(1117,	75,	'Corse'),
(1118,	75,	'Franche-Comte'),
(1119,	75,	'Haute-Normandie'),
(1120,	75,	'Ile-de-France'),
(1121,	75,	'Languedoc-Roussillon'),
(1122,	75,	'Limousin'),
(1123,	75,	'Lorraine'),
(1124,	75,	'Midi-Pyrenees'),
(1125,	75,	'Nord-Pas-de-Calais'),
(1126,	75,	'Pays de la Loire'),
(1127,	75,	'Picardie'),
(1128,	75,	'Poitou-Charentes'),
(1129,	75,	'Rhone-Alpes'),
(1130,	76,	'Cayenna'),
(1131,	77,	'French Polynesia'),
(1136,	78,	'Adelie Land'),
(1137,	78,	'Ile Crozet'),
(1138,	78,	'Iles Kerguelen'),
(1139,	78,	'Iles Saint-Paul et Amsterdam'),
(1140,	79,	'Estuaire'),
(1141,	79,	'Haut-Ogooue'),
(1142,	79,	'Moyen-Ogooue'),
(1143,	79,	'Ngounie'),
(1144,	79,	'Nyanga'),
(1145,	79,	'Ogooue-Ivindo'),
(1146,	79,	'Ogooue-Lolo'),
(1147,	79,	'Ogooue-Maritime'),
(1148,	79,	'Woleu-Ntem'),
(1149,	80,	'Banjul'),
(1150,	80,	'Central River'),
(1151,	80,	'Lower River'),
(1152,	80,	'North Bank'),
(1153,	80,	'Upper River'),
(1154,	80,	'west coast'),
(1155,	81,	'Gaza Strip'),
(1156,	82,	'Abkhazia'),
(1157,	82,	'Ajaria'),
(1158,	82,	'Guria'),
(1159,	82,	'Imeret\'i'),
(1160,	82,	'Kakhet\'i'),
(1161,	82,	'K\'vemo K\'art\'li'),
(1162,	82,	'Mts\'khet\'a-Â­Mt\'ianet\'i'),
(1163,	82,	'Racha-Lech\'khumi-Â­K\'vemo Svanet\'i'),
(1164,	82,	'Samts\'khe-Javakhet\'i'),
(1165,	82,	'Shida K\'art\'li'),
(1166,	82,	'Samegrelo-Zemo Svanet\'i'),
(1167,	82,	'T\'bilisi'),
(1195,	83,	'Baden-Wuerttemberg'),
(1196,	83,	'Bayern'),
(1197,	83,	'Berlin'),
(1198,	83,	'Brandenburg'),
(1199,	83,	'Bremen'),
(1200,	83,	'Hamburg'),
(1201,	83,	'Hessen'),
(1202,	83,	'Mecklenburg-Vorpommern'),
(1203,	83,	'Niedersachsen'),
(1204,	83,	'Nordrhein-Westfalen'),
(1205,	83,	'Rheinland-Pfalz'),
(1206,	83,	'Saarland'),
(1207,	83,	'Sachsen'),
(1208,	83,	'Sachsen-Anhalt'),
(1209,	83,	'Schleswig-Holstein'),
(1210,	83,	'Thueringen'),
(1211,	84,	'Ashanti'),
(1212,	84,	'Brong-Ahafo'),
(1213,	84,	'Central'),
(1214,	84,	'Eastern'),
(1215,	84,	'Greater Accra'),
(1216,	84,	'Northern'),
(1217,	84,	'Upper East'),
(1218,	84,	'Upper West'),
(1219,	84,	'Volta'),
(1220,	84,	'Western'),
(1221,	85,	'Gibraltar'),
(1222,	86,	'Ile du Lys'),
(1223,	86,	'Ile Glorieuse'),
(1224,	87,	'Aitolia kai Akarnania'),
(1225,	87,	'Akhaia'),
(1226,	87,	'Argolis'),
(1227,	87,	'Arkadhia'),
(1228,	87,	'Arta'),
(1229,	87,	'Attiki'),
(1230,	87,	'Ayion Oros (Mt. Athos)'),
(1231,	87,	'Dhodhekanisos'),
(1232,	87,	'Drama'),
(1233,	87,	'Evritania'),
(1234,	87,	'Evros'),
(1235,	87,	'Evvoia'),
(1236,	87,	'Florina'),
(1237,	87,	'Fokis'),
(1238,	87,	'Fthiotis'),
(1239,	87,	'Grevena'),
(1240,	87,	'Ilia'),
(1241,	87,	'Imathia'),
(1242,	87,	'Ioannina'),
(1243,	87,	'Irakleion'),
(1244,	87,	'Kardhitsa'),
(1245,	87,	'Kastoria'),
(1246,	87,	'Kavala'),
(1247,	87,	'Kefallinia'),
(1248,	87,	'Kerkyra'),
(1249,	87,	'Khalkidhiki'),
(1250,	87,	'Khania'),
(1251,	87,	'Khios'),
(1252,	87,	'Kikladhes'),
(1253,	87,	'Kilkis'),
(1254,	87,	'Korinthia'),
(1255,	87,	'Kozani'),
(1256,	87,	'Lakonia'),
(1257,	87,	'Larisa'),
(1258,	87,	'Lasithi'),
(1259,	87,	'Lesvos'),
(1260,	87,	'Levkas'),
(1261,	87,	'Magnisia'),
(1262,	87,	'Messinia'),
(1263,	87,	'Pella'),
(1264,	87,	'Pieria'),
(1265,	87,	'Preveza'),
(1266,	87,	'Rethimni'),
(1267,	87,	'Rodhopi'),
(1268,	87,	'Samos'),
(1269,	87,	'Serrai'),
(1270,	87,	'Thesprotia'),
(1271,	87,	'Thessaloniki'),
(1272,	87,	'Trikala'),
(1273,	87,	'Voiotia'),
(1274,	87,	'Xanthi'),
(1275,	87,	'Zakinthos'),
(1276,	88,	'Kujalleq'),
(1277,	88,	'Qaasuitsup'),
(1278,	88,	'Qeqqata'),
(1279,	89,	'Carriacou and Petit Martinique'),
(1280,	89,	'Saint Andrew'),
(1281,	89,	'Saint David'),
(1282,	89,	'Saint George'),
(1283,	89,	'Saint John'),
(1284,	89,	'Saint Mark'),
(1285,	89,	'Saint Patrick'),
(1286,	90,	'Basse-Terre'),
(1287,	90,	'Pointe-A-Pitre'),
(1291,	91,	'Guam'),
(1292,	92,	'Alta Verapaz'),
(1293,	92,	'Baja Verapaz'),
(1294,	92,	'Chimaltenango'),
(1295,	92,	'Chiquimula'),
(1296,	92,	'El Progreso'),
(1297,	92,	'Escuintla'),
(1298,	92,	'Guatemala'),
(1299,	92,	'Huehuetenango'),
(1300,	92,	'Izabal'),
(1301,	92,	'Jalapa'),
(1302,	92,	'Jutiapa'),
(1303,	92,	'Peten'),
(1304,	92,	'Quetzaltenango'),
(1305,	92,	'Quiche'),
(1306,	92,	'Retalhuleu'),
(1307,	92,	'Sacatepequez'),
(1308,	92,	'San Marcos'),
(1309,	92,	'Santa Rosa'),
(1310,	92,	'Solola'),
(1311,	92,	'Suchitepequez'),
(1312,	92,	'Totonicapan'),
(1313,	92,	'Zacapa'),
(1314,	93,	'Castel'),
(1315,	93,	'Forest'),
(1316,	93,	'St. Andrew'),
(1317,	93,	'St. Martin'),
(1318,	93,	'St. Peter Port'),
(1319,	93,	'St. Pierre du Bois'),
(1320,	93,	'St. Sampson'),
(1321,	93,	'St. Saviour'),
(1322,	93,	'Torteval'),
(1323,	93,	'Vale'),
(1326,	94,	'Boke'),
(1327,	94,	'Conakry'),
(1333,	94,	'Faranah'),
(1338,	94,	'Kankan'),
(1340,	94,	'Kindia'),
(1345,	94,	'Labe'),
(1350,	94,	'Mamou'),
(1352,	94,	'Nzerekore'),
(1358,	95,	'Bafata'),
(1359,	95,	'Biombo'),
(1360,	95,	'Bissau'),
(1361,	95,	'Bolama-Bijagos'),
(1362,	95,	'Cacheu'),
(1363,	95,	'Gabu'),
(1364,	95,	'Oio'),
(1365,	95,	'Quinara'),
(1366,	95,	'Tombali'),
(1367,	96,	'Barima-Waini'),
(1368,	96,	'Cuyuni-Mazaruni'),
(1369,	96,	'Demerara-Mahaica'),
(1370,	96,	'East Berbice-Corentyne'),
(1371,	96,	'Essequibo Islands-West Demerara'),
(1372,	96,	'Mahaica-Berbice'),
(1373,	96,	'Pomeroon-Supenaam'),
(1374,	96,	'Potaro-Siparuni'),
(1375,	96,	'Upper Demerara-Berbice'),
(1376,	96,	'Upper Takutu-Upper Essequibo'),
(1377,	97,	'Artibonite'),
(1378,	97,	'Centre'),
(1379,	97,	'Nord'),
(1380,	97,	'Nord-Est'),
(1381,	97,	'Nord-Ouest'),
(1382,	97,	'Ouest'),
(1383,	97,	'Sud'),
(1384,	97,	'Sud-Est'),
(1385,	98,	'Heard Island and McDonald Islands'),
(1386,	99,	'Holy See (Vatican City)'),
(1387,	100,	'Atlantida'),
(1388,	100,	'Choluteca'),
(1389,	100,	'Colon'),
(1390,	100,	'Comayagua'),
(1391,	100,	'Copan'),
(1392,	100,	'Cortes'),
(1393,	100,	'El Paraiso'),
(1394,	100,	'Francisco Morazan'),
(1395,	100,	'Gracias a Dios'),
(1396,	100,	'Intibuca'),
(1397,	100,	'Islas de la Bahia'),
(1398,	100,	'La Paz'),
(1399,	100,	'Lempira'),
(1400,	100,	'Ocotepeque'),
(1401,	100,	'Olancho'),
(1402,	100,	'Santa Barbara'),
(1403,	100,	'Valle'),
(1404,	100,	'Yoro'),
(1405,	101,	'Hong Kong'),
(1406,	102,	'Howland Island'),
(1407,	103,	'Bacs-Kiskun'),
(1408,	103,	'Baranya'),
(1409,	103,	'Bekes'),
(1410,	103,	'Bekescsaba'),
(1411,	103,	'Borsod-Abauj-Zemplen'),
(1412,	103,	'Budapest'),
(1413,	103,	'Csongrad'),
(1414,	103,	'Debrecen'),
(1415,	103,	'Dunaujvaros'),
(1416,	103,	'Eger'),
(1417,	103,	'Fejer'),
(1418,	103,	'Gyor'),
(1419,	103,	'Gyor-Moson-Sopron'),
(1420,	103,	'Hajdu-Bihar'),
(1421,	103,	'Heves'),
(1422,	103,	'Hodmezovasarhely'),
(1423,	103,	'Jasz-Nagykun-Szolnok'),
(1424,	103,	'Kaposvar'),
(1425,	103,	'Kecskemet'),
(1426,	103,	'Komarom-Esztergom'),
(1427,	103,	'Miskolc'),
(1428,	103,	'Nagykanizsa'),
(1429,	103,	'Nograd'),
(1430,	103,	'Nyiregyhaza'),
(1431,	103,	'Pecs'),
(1432,	103,	'Pest'),
(1433,	103,	'Somogy'),
(1434,	103,	'Sopron'),
(1435,	103,	'Szabolcs-Szatmar-Bereg'),
(1436,	103,	'Szeged'),
(1437,	103,	'Szekesfehervar'),
(1438,	103,	'Szolnok'),
(1439,	103,	'Szombathely'),
(1440,	103,	'Tatabanya'),
(1441,	103,	'Tolna'),
(1442,	103,	'Vas'),
(1443,	103,	'Veszprem'),
(1444,	103,	'Veszprem'),
(1445,	103,	'Zala'),
(1446,	103,	'Zalaegerszeg'),
(1447,	104,	'Akranes'),
(1448,	104,	'Akureyri'),
(1449,	104,	'Arnessysla'),
(1450,	104,	'Austur-Bardhastrandarsysla'),
(1451,	104,	'Austur-Hunavatnssysla'),
(1452,	104,	'Austur-Skaftafellssysla'),
(1453,	104,	'Borgarfjardharsysla'),
(1454,	104,	'Dalasysla'),
(1455,	104,	'Eyjafjardharsysla'),
(1456,	104,	'Gullbringusysla'),
(1457,	104,	'Hafnarfjordhur'),
(1458,	104,	'Husavik'),
(1459,	104,	'Isafjordhur'),
(1460,	104,	'Keflavik'),
(1461,	104,	'Kjosarsysla'),
(1462,	104,	'Kopavogur'),
(1463,	104,	'Myrasysla'),
(1464,	104,	'Neskaupstadhur'),
(1465,	104,	'Nordhur-Isafjardharsysla'),
(1466,	104,	'Nordhur-Mulasys-la'),
(1467,	104,	'Nordhur-Thingeyjarsysla'),
(1468,	104,	'Olafsfjordhur'),
(1469,	104,	'Rangarvallasysla'),
(1470,	104,	'Reykjavik'),
(1471,	104,	'Saudharkrokur'),
(1472,	104,	'Seydhisfjordhur'),
(1473,	104,	'Siglufjordhur'),
(1474,	104,	'Skagafjardharsysla'),
(1475,	104,	'Snaefellsnes-og Hnappadalssysla'),
(1476,	104,	'Strandasysla'),
(1477,	104,	'Sudhur-Mulasysla'),
(1478,	104,	'Sudhur-Thingeyjarsysla'),
(1479,	104,	'Vesttmannaeyjar'),
(1480,	104,	'Vestur-Bardhastrandarsysla'),
(1481,	104,	'Vestur-Hunavatnssysla'),
(1482,	104,	'Vestur-Isafjardharsysla'),
(1483,	104,	'Vestur-Skaftafellssysla'),
(1484,	105,	'Andaman and Nicobar Islands'),
(1485,	105,	'Andhra Pradesh'),
(1486,	105,	'Arunachal Pradesh'),
(1487,	105,	'Assam'),
(1488,	105,	'Bihar'),
(1489,	105,	'Chandigarh'),
(1490,	105,	'Chhattisgarh'),
(1491,	105,	'Dadra and Nagar Haveli'),
(1492,	105,	'Daman and Diu'),
(1493,	105,	'Delhi'),
(1494,	105,	'Goa'),
(1495,	105,	'Gujarat'),
(1496,	105,	'Haryana'),
(1497,	105,	'Himachal Pradesh'),
(1498,	105,	'Jammu and Kashmir'),
(1499,	105,	'Jharkhand'),
(1500,	105,	'Karnataka'),
(1501,	105,	'Kerala'),
(1502,	105,	'Lakshadweep'),
(1503,	105,	'Madhya Pradesh'),
(1504,	105,	'Maharashtra'),
(1505,	105,	'Manipur'),
(1506,	105,	'Meghalaya'),
(1507,	105,	'Mizoram'),
(1508,	105,	'Nagaland'),
(1509,	105,	'Orissa'),
(1510,	105,	'Pondicherry'),
(1511,	105,	'Punjab'),
(1512,	105,	'Rajasthan'),
(1513,	105,	'Sikkim'),
(1514,	105,	'Tamil Nadu'),
(1515,	105,	'Tripura'),
(1516,	105,	'Uttar Pradesh'),
(1517,	105,	'Uttaranchal'),
(1518,	105,	'West Bengal'),
(1519,	106,	'Aceh'),
(1520,	106,	'Bali'),
(1521,	106,	'Banten'),
(1522,	106,	'Bengkulu'),
(1523,	106,	'East Timor'),
(1524,	106,	'Gorontalo'),
(1525,	106,	'Irian Jaya'),
(1526,	106,	'Jakarta Raya'),
(1527,	106,	'Jambi'),
(1528,	106,	'Jawa Barat'),
(1529,	106,	'Jawa Tengah'),
(1530,	106,	'Jawa Timur'),
(1531,	106,	'Kalimantan Barat'),
(1532,	106,	'Kalimantan Selatan'),
(1533,	106,	'Kalimantan Tengah'),
(1534,	106,	'Kalimantan Timur'),
(1535,	106,	'Kepulauan Bangka Belitung'),
(1536,	106,	'Lampung'),
(1537,	106,	'Maluku'),
(1538,	106,	'Maluku Utara'),
(1539,	106,	'Nusa Tenggara Barat'),
(1540,	106,	'Nusa Tenggara Timur'),
(1541,	106,	'Riau'),
(1542,	106,	'Sulawesi Selatan'),
(1543,	106,	'Sulawesi Tengah'),
(1544,	106,	'Sulawesi Tenggara'),
(1545,	106,	'Sulawesi Utara'),
(1546,	106,	'Sumatera Barat'),
(1547,	106,	'Sumatera Selatan'),
(1548,	106,	'Sumatera Utara'),
(1549,	106,	'Yogyakarta'),
(1550,	107,	'Ardabil'),
(1551,	107,	'Azarbayjan-e Gharbi'),
(1552,	107,	'Azarbayjan-e Sharqi'),
(1553,	107,	'Bushehr'),
(1554,	107,	'Chahar Mahall va Bakhtiari'),
(1555,	107,	'Esfahan'),
(1556,	107,	'Fars'),
(1557,	107,	'Gilan'),
(1558,	107,	'Golestan'),
(1559,	107,	'Hamadan'),
(1560,	107,	'Hormozgan'),
(1561,	107,	'Ilam'),
(1562,	107,	'Kerman'),
(1563,	107,	'Kermanshah'),
(1564,	107,	'Khorasan'),
(1565,	107,	'Khuzestan'),
(1566,	107,	'Kohgiluyeh va Buyer Ahmad'),
(1568,	107,	'Lorestan'),
(1569,	107,	'Markazi'),
(1570,	107,	'Mazandaran'),
(1571,	107,	'Qazvin'),
(1572,	107,	'Qom'),
(1573,	107,	'Semnan'),
(1574,	107,	'Sistan va Baluchestan'),
(1575,	107,	'Tehran'),
(1576,	107,	'Yazd'),
(1577,	107,	'Zanjan'),
(1578,	108,	'Al Anbar'),
(1579,	108,	'Al Basrah'),
(1580,	108,	'Al Muthanna'),
(1581,	108,	'Al Qadisiyah'),
(1582,	108,	'An Najaf'),
(1583,	108,	'Arbil'),
(1584,	108,	'As Sulaymaniyah'),
(1585,	108,	'Babil'),
(1586,	108,	'Baghdad'),
(1587,	108,	'Dahuk'),
(1588,	108,	'Dhi Qar'),
(1589,	108,	'Diyala'),
(1590,	108,	'Maysan'),
(1591,	108,	'Ninawa'),
(1592,	108,	'Salah ad Din'),
(1593,	108,	'Wasit'),
(1594,	109,	'Carlow'),
(1595,	109,	'Cavan'),
(1596,	109,	'Clare'),
(1597,	109,	'Cork'),
(1598,	109,	'Donegal'),
(1599,	109,	'Dublin'),
(1600,	109,	'Galway'),
(1601,	109,	'Kerry'),
(1602,	109,	'Kildare'),
(1603,	109,	'Kilkenny'),
(1604,	109,	'Laois'),
(1605,	109,	'Leitrim'),
(1606,	109,	'Limerick'),
(1607,	109,	'Longford'),
(1608,	109,	'Louth'),
(1609,	109,	'Mayo'),
(1610,	109,	'Meath'),
(1611,	109,	'Monaghan'),
(1612,	109,	'Offaly'),
(1613,	109,	'Roscommon'),
(1614,	109,	'Sligo'),
(1615,	109,	'Tipperary'),
(1616,	109,	'Waterford'),
(1617,	109,	'Westmeath'),
(1618,	109,	'Wexford'),
(1619,	109,	'Wicklow'),
(1620,	110,	'Antrim'),
(1621,	110,	'Ards'),
(1622,	110,	'Armagh'),
(1623,	110,	'Ballymena'),
(1624,	110,	'Ballymoney'),
(1625,	110,	'Banbridge'),
(1626,	110,	'Belfast'),
(1627,	110,	'Carrickfergus'),
(1628,	110,	'Castlereagh'),
(1629,	110,	'Coleraine'),
(1630,	110,	'Cookstown'),
(1631,	110,	'Craigavon'),
(1632,	110,	'Derry'),
(1633,	110,	'Down'),
(1634,	110,	'Dungannon'),
(1635,	110,	'Fermanagh'),
(1636,	110,	'Larne'),
(1637,	110,	'Limavady'),
(1638,	110,	'Lisburn'),
(1639,	110,	'Magherafelt'),
(1640,	110,	'Moyle'),
(1641,	110,	'Newry and Mourne'),
(1642,	110,	'Newtownabbey'),
(1643,	110,	'North Down'),
(1644,	110,	'Omagh'),
(1645,	110,	'Strabane'),
(1647,	111,	'Haifa'),
(1648,	111,	'Jerusalem'),
(1651,	111,	'Tel Aviv'),
(1652,	112,	'Abruzzo'),
(1653,	112,	'Basilicata'),
(1654,	112,	'Calabria'),
(1655,	112,	'Campania'),
(1656,	112,	'Emilia-Romagna'),
(1657,	112,	'Friuli-Venezia Giulia'),
(1658,	112,	'Lazio'),
(1659,	112,	'Liguria'),
(1660,	112,	'Lombardia'),
(1661,	112,	'Marche'),
(1662,	112,	'Molise'),
(1663,	112,	'Piemonte'),
(1664,	112,	'Puglia'),
(1665,	112,	'Sardegna'),
(1666,	112,	'Sicilia'),
(1667,	112,	'Toscana'),
(1668,	112,	'Trentino-Alto Adige'),
(1669,	112,	'Umbria'),
(1670,	112,	'Veneto'),
(1671,	113,	'Clarendon'),
(1672,	113,	'Hanover'),
(1673,	113,	'Kingston'),
(1674,	113,	'Manchester'),
(1675,	113,	'Portland'),
(1676,	113,	'Saint Andrew'),
(1677,	113,	'Saint Ann'),
(1678,	113,	'Saint Catherine'),
(1679,	113,	'Saint Elizabeth'),
(1680,	113,	'Saint James'),
(1681,	113,	'Saint Mary'),
(1682,	113,	'Saint Thomas'),
(1683,	113,	'Trelawny'),
(1684,	113,	'Westmoreland'),
(1685,	114,	'Jan Mayen'),
(1686,	115,	'Aichi'),
(1687,	115,	'Akita'),
(1688,	115,	'Aomori'),
(1689,	115,	'Chiba'),
(1690,	115,	'Ehime'),
(1691,	115,	'Fukui'),
(1692,	115,	'Fukuoka'),
(1693,	115,	'Fukushima'),
(1694,	115,	'Gifu'),
(1695,	115,	'Gumma'),
(1696,	115,	'Hiroshima'),
(1697,	115,	'Hokkaido'),
(1698,	115,	'Hyogo'),
(1699,	115,	'Ibaraki'),
(1700,	115,	'Ishikawa'),
(1701,	115,	'Iwate'),
(1702,	115,	'Kagawa'),
(1703,	115,	'Kagoshima'),
(1704,	115,	'Kanagawa'),
(1705,	115,	'Kochi'),
(1706,	115,	'Kumamoto'),
(1707,	115,	'Kyoto'),
(1708,	115,	'Mie'),
(1709,	115,	'Miyagi'),
(1710,	115,	'Miyazaki'),
(1711,	115,	'Nagano'),
(1712,	115,	'Nagasaki'),
(1713,	115,	'Nara'),
(1714,	115,	'Niigata'),
(1715,	115,	'Oita'),
(1716,	115,	'Okayama'),
(1717,	115,	'Okinawa'),
(1718,	115,	'Osaka'),
(1719,	115,	'Saga'),
(1720,	115,	'Saitama'),
(1721,	115,	'Shiga'),
(1722,	115,	'Shimane'),
(1723,	115,	'Shizuoka'),
(1724,	115,	'Tochigi'),
(1725,	115,	'Tokushima'),
(1726,	115,	'Tokyo'),
(1727,	115,	'Tottori'),
(1728,	115,	'Toyama'),
(1729,	115,	'Wakayama'),
(1730,	115,	'Yamagata'),
(1731,	115,	'Yamaguchi'),
(1732,	115,	'Yamanashi'),
(1733,	116,	'Jarvis Island'),
(1735,	118,	'Johnston Atoll'),
(1736,	119,	'Ajlun'),
(1737,	119,	'Al Karak'),
(1738,	119,	'Al Mafraq'),
(1739,	119,	'At Tafilah'),
(1740,	119,	'Irbid'),
(1741,	119,	'Jarash'),
(1742,	119,	'Madaba'),
(1743,	120,	'Juan de Nova Island'),
(1744,	121,	'Almaty'),
(1745,	121,	'Aqmola'),
(1746,	121,	'Aqtobe'),
(1747,	121,	'Astana'),
(1748,	121,	'Atyrau'),
(1749,	121,	'Batys Qazaqstan'),
(1750,	121,	'Bayqongyr'),
(1751,	121,	'Mangghystau'),
(1752,	121,	'Ongtustik Qazaqstan'),
(1753,	121,	'Pavlodar'),
(1754,	121,	'Qaraghandy'),
(1755,	121,	'Qostanay'),
(1756,	121,	'Qyzylorda'),
(1757,	121,	'Shyghys Qazaqstan'),
(1758,	121,	'Soltustik Qazaqstan'),
(1759,	121,	'Zhambyl'),
(1760,	122,	'Central'),
(1761,	122,	'Coast'),
(1762,	122,	'Eastern'),
(1763,	122,	'Nairobi Area'),
(1764,	122,	'North Eastern'),
(1765,	122,	'Nyanza'),
(1766,	122,	'Rift Valley'),
(1767,	122,	'Western'),
(1768,	123,	'Gilbert Islands'),
(1769,	123,	'Line Islands'),
(1770,	123,	'Phoenix Islands'),
(1798,	124,	'Chagang-do (Chagang Province)'),
(1799,	124,	'Hamgyong-bukto (North Hamgyong Province)'),
(1800,	124,	'Hamgyong-namdo (South Hamgyong Province)'),
(1801,	124,	'Hwanghae-bukto (North Hwanghae Province)'),
(1802,	124,	'Hwanghae-namdo (South Hwanghae Province)'),
(1803,	124,	'Kaesong-si (Kaesong City)'),
(1804,	124,	'Kangwon-do (Kangwon Province)'),
(1805,	124,	'Yanggang-do (Yanggang Province)'),
(1806,	125,	'Cheju-do'),
(1807,	125,	'Cholla-bukto'),
(1808,	125,	'Cholla-namdo'),
(1809,	125,	'Kangwon-do'),
(1810,	125,	'Kwangju-gwangyoksi'),
(1811,	125,	'Kyonggi-do'),
(1812,	125,	'Kyongsang-bukto'),
(1813,	125,	'Kyongsang-namdo'),
(1814,	125,	'Pusan-gwangyoksi'),
(1815,	125,	'Taegu-gwangyoksi'),
(1816,	125,	'Taejon-gwangyoksi'),
(1817,	125,	'Ulsan-gwangyoksi'),
(1818,	126,	'Al Ahmadi'),
(1819,	126,	'Al Farwaniyah'),
(1820,	126,	'Hawalli'),
(1821,	127,	'Batken Oblasty'),
(1822,	127,	'Bishkek Shaary'),
(1823,	127,	'Chuy Oblasty (Bishkek)'),
(1824,	127,	'Jalal-Abad Oblasty'),
(1825,	127,	'Naryn Oblasty'),
(1826,	127,	'Osh Oblasty'),
(1827,	127,	'Talas Oblasty'),
(1828,	127,	'Ysyk-Kol Oblasty (Karakol)'),
(1829,	128,	'Attapu'),
(1830,	128,	'Bokeo'),
(1831,	128,	'Bolikhamxai'),
(1832,	128,	'Champasak'),
(1833,	128,	'Houaphan'),
(1834,	128,	'Khammouan'),
(1835,	128,	'Louangnamtha'),
(1836,	128,	'Louangphabang'),
(1837,	128,	'Oudomxai'),
(1838,	128,	'Phongsali'),
(1839,	128,	'Salavan'),
(1840,	128,	'Savannakhet'),
(1841,	128,	'Viangchan'),
(1842,	128,	'Viangchan'),
(1843,	128,	'Xaignabouli'),
(1844,	128,	'Xaisomboun'),
(1845,	128,	'Xekong'),
(1846,	128,	'Xiangkhoang'),
(1847,	129,	'Aizkraukle'),
(1848,	129,	'Aluksne'),
(1849,	129,	'Balvi'),
(1850,	129,	'Bauska'),
(1851,	129,	'Cesis'),
(1852,	129,	'Daugavpils'),
(1854,	129,	'Dobele'),
(1855,	129,	'Gulbene'),
(1856,	129,	'Jekabpils'),
(1857,	129,	'Jelgava'),
(1859,	129,	'Jurmala'),
(1860,	129,	'Kraslava'),
(1861,	129,	'Kuldiga'),
(1862,	129,	'Limbazi'),
(1864,	129,	'Limbazi Rajons'),
(1865,	129,	'Ludza'),
(1866,	129,	'Madona'),
(1867,	129,	'Ogre'),
(1868,	129,	'Preili'),
(1869,	129,	'Rezekne'),
(1871,	129,	'Riga'),
(1873,	129,	'Saldus'),
(1874,	129,	'Talsi'),
(1875,	129,	'Tukums'),
(1878,	129,	'Valka'),
(1880,	130,	'Beyrouth'),
(1885,	131,	'Berea'),
(1886,	131,	'Butha-Buthe'),
(1887,	131,	'Leribe'),
(1888,	131,	'Mafeteng'),
(1889,	131,	'Maseru'),
(1890,	131,	'Mohales Hoek'),
(1891,	131,	'Mokhotlong'),
(1892,	131,	'Quthing'),
(1893,	131,	'Thaba-Tseka'),
(1894,	132,	'Bomi'),
(1895,	132,	'Bong'),
(1896,	132,	'Grand Bassa'),
(1897,	132,	'Grand Cape Mount'),
(1898,	132,	'Grand Gedeh'),
(1899,	132,	'Grand Kru'),
(1900,	132,	'Lofa'),
(1901,	132,	'Margibi'),
(1902,	132,	'Maryland'),
(1903,	132,	'Montserrado'),
(1904,	132,	'Nimba'),
(1905,	132,	'River Cess'),
(1906,	132,	'Sinoe'),
(1907,	133,	'Ajdabiya'),
(1908,	133,	'Al Wahat'),
(1909,	133,	'Al Jabal al Akhdar'),
(1910,	133,	'Al Jufrah'),
(1911,	133,	'Al Khums'),
(1912,	133,	'Al Kufrah'),
(1913,	133,	'An Nuqat al Khams'),
(1914,	133,	'Awbari'),
(1915,	133,	'Az Zawiyah'),
(1916,	133,	'Benghazi'),
(1917,	133,	'Darnah'),
(1918,	133,	'Ghat'),
(1919,	133,	'Gharyan'),
(1920,	133,	'Misratah'),
(1921,	133,	'Murzuq'),
(1922,	133,	'Sabha'),
(1923,	133,	'Sawfajjin'),
(1924,	133,	'Surt'),
(1925,	133,	'Tarabulus'),
(1926,	133,	'Tarhunah'),
(1927,	133,	'Tubruq'),
(1928,	133,	'Yafran'),
(1929,	133,	'Zlitan'),
(1930,	134,	'Balzers'),
(1931,	134,	'Eschen'),
(1932,	134,	'Gamprin'),
(1933,	134,	'Mauren'),
(1934,	134,	'Planken'),
(1935,	134,	'Ruggell'),
(1936,	134,	'Schaan'),
(1937,	134,	'Schellenberg'),
(1938,	134,	'Triesen'),
(1939,	134,	'Triesenberg'),
(1940,	134,	'Vaduz'),
(1943,	135,	'Alytus'),
(1953,	135,	'Kaunas'),
(1957,	135,	'Klaipeda'),
(1962,	135,	'Marijampole'),
(1969,	135,	'Panevezys'),
(1978,	135,	'Siauliai'),
(1985,	135,	'Taurages'),
(1986,	135,	'Telsiai'),
(1988,	135,	'Utena'),
(1993,	135,	'Vilnius'),
(1995,	136,	'Diekirch'),
(1996,	136,	'Grevenmacher'),
(1997,	136,	'Luxembourg'),
(1998,	137,	'Macau Peninsula'),
(2002,	138,	'Berovo'),
(2004,	138,	'Bitola'),
(2019,	138,	'Debar'),
(2020,	138,	'Delcevo'),
(2022,	138,	'Demir Hisar'),
(2031,	138,	'Gevgelija'),
(2032,	138,	'Gostivar'),
(2040,	138,	'Kavadarci'),
(2041,	138,	'Kicevo'),
(2044,	138,	'Kocani'),
(2049,	138,	'Kratovo'),
(2050,	138,	'Kriva Palanka'),
(2052,	138,	'Krusevo'),
(2055,	138,	'Kumanovo'),
(2067,	138,	'Negotino'),
(2072,	138,	'Ohrid'),
(2080,	138,	'Prilep'),
(2081,	138,	'Probistip'),
(2082,	138,	'Radovis'),
(2084,	138,	'Resen'),
(2095,	138,	'Skopje'),
(2096,	138,	'Stip'),
(2097,	138,	'Struga'),
(2098,	138,	'Strumica'),
(2101,	138,	'Sveti Nikole'),
(2103,	138,	'Tetovo'),
(2105,	138,	'Valandovo'),
(2110,	138,	'Vinica'),
(2122,	139,	'Antananarivo'),
(2123,	139,	'Antsiranana'),
(2124,	139,	'Fianarantsoa'),
(2125,	139,	'Mahajanga'),
(2126,	139,	'Toamasina'),
(2127,	139,	'Toliara'),
(2128,	140,	'Balaka'),
(2129,	140,	'Blantyre'),
(2130,	140,	'Chikwawa'),
(2131,	140,	'Chiradzulu'),
(2132,	140,	'Chitipa'),
(2133,	140,	'Dedza'),
(2134,	140,	'Dowa'),
(2135,	140,	'Karonga'),
(2136,	140,	'Kasungu'),
(2137,	140,	'Likoma'),
(2138,	140,	'Lilongwe'),
(2139,	140,	'Machinga (Kasupe)'),
(2140,	140,	'Mangochi'),
(2141,	140,	'Mchinji'),
(2142,	140,	'Mulanje'),
(2143,	140,	'Mwanza'),
(2144,	140,	'Mzimba'),
(2145,	140,	'Nkhata Bay'),
(2146,	140,	'Nkhotakota'),
(2147,	140,	'Nsanje'),
(2148,	140,	'Ntcheu'),
(2149,	140,	'Ntchisi'),
(2150,	140,	'Phalombe'),
(2151,	140,	'Rumphi'),
(2152,	140,	'Salima'),
(2153,	140,	'Thyolo'),
(2154,	140,	'Zomba'),
(2155,	141,	'Johor'),
(2156,	141,	'Kedah'),
(2157,	141,	'Kelantan'),
(2158,	141,	'Labuan'),
(2159,	141,	'Melaka'),
(2160,	141,	'Negeri Sembilan'),
(2161,	141,	'Pahang'),
(2162,	141,	'Perak'),
(2163,	141,	'Perlis'),
(2164,	141,	'Pulau Pinang'),
(2165,	141,	'Sabah'),
(2166,	141,	'Sarawak'),
(2167,	141,	'Selangor'),
(2168,	141,	'Terengganu'),
(2169,	141,	'Wilayah Persekutuan'),
(2170,	142,	'Capital'),
(2171,	142,	'Central'),
(2172,	142,	'North'),
(2173,	142,	'North Central'),
(2174,	142,	'South Central'),
(2175,	142,	'Upper North'),
(2176,	142,	'Upper South'),
(2177,	142,	'South'),
(2190,	143,	'Gao'),
(2191,	143,	'Kayes'),
(2192,	143,	'Kidal'),
(2193,	143,	'Koulikoro'),
(2194,	143,	'Mopti'),
(2195,	143,	'Segou'),
(2196,	143,	'Sikasso'),
(2197,	143,	'Tombouctou'),
(2198,	144,	'Valletta'),
(2199,	145,	'Man, Isle of'),
(2200,	146,	'Ailinginae'),
(2205,	146,	'Bikar'),
(2206,	146,	'Bikini'),
(2207,	146,	'Bokak'),
(2210,	146,	'Erikub'),
(2213,	146,	'Jemo'),
(2223,	146,	'Nadikdik'),
(2226,	146,	'Rongrik'),
(2227,	146,	'Toke'),
(2229,	146,	'Ujelang'),
(2233,	147,	'Saint Pierre'),
(2234,	148,	'Adrar'),
(2235,	148,	'Assaba'),
(2236,	148,	'Brakna'),
(2237,	148,	'Dakhlet Nouadhibou'),
(2238,	148,	'Gorgol'),
(2239,	148,	'Guidimaka'),
(2240,	148,	'Hodh Ech Chargui'),
(2241,	148,	'Hodh El Gharbi'),
(2242,	148,	'Inchiri'),
(2243,	148,	'Nouakchott'),
(2244,	148,	'Tagant'),
(2245,	148,	'Tiris Zemmour'),
(2246,	148,	'Trarza'),
(2247,	149,	'Agalega Islands'),
(2248,	149,	'Black River'),
(2249,	149,	'Cargados Carajos Shoals'),
(2250,	149,	'Flacq'),
(2251,	149,	'Grand Port'),
(2252,	149,	'Moka'),
(2253,	149,	'Pamplemousses'),
(2254,	149,	'Plaines Wilhems'),
(2255,	149,	'Port Louis'),
(2256,	149,	'Riviere du Rempart'),
(2257,	149,	'Rodrigues'),
(2258,	149,	'Savanne'),
(2259,	150,	'Mayotte'),
(2260,	151,	'Aguascalientes'),
(2261,	151,	'Baja California'),
(2262,	151,	'Baja California Sur'),
(2263,	151,	'Campeche'),
(2264,	151,	'Chiapas'),
(2265,	151,	'Chihuahua'),
(2266,	151,	'Coahuila de Zaragoza'),
(2267,	151,	'Colima'),
(2268,	151,	'Distrito Federal'),
(2269,	151,	'Durango'),
(2270,	151,	'Guanajuato'),
(2271,	151,	'Guerrero'),
(2272,	151,	'Hidalgo'),
(2273,	151,	'Jalisco'),
(2274,	151,	'Mexico'),
(2275,	151,	'Micohancan'),
(2276,	151,	'Morelos'),
(2277,	151,	'Nayarit'),
(2278,	151,	'Nuevo Leon'),
(2279,	151,	'Oaxaca'),
(2280,	151,	'Puebla'),
(2281,	151,	'Queretaro de Arteaga'),
(2282,	151,	'Quintana Roo'),
(2283,	151,	'San Luis Potosi'),
(2284,	151,	'Sinaloa'),
(2285,	151,	'Sonora'),
(2286,	151,	'Tabasco'),
(2287,	151,	'Tamaulipas'),
(2288,	151,	'Tlaxcala'),
(2289,	151,	'Veracruz-Llave'),
(2290,	151,	'Yucatan'),
(2291,	151,	'Zacatecas'),
(2292,	152,	'Chuuk (Truk)'),
(2293,	152,	'Kosrae'),
(2294,	152,	'Pohnpei'),
(2295,	152,	'Yap'),
(2296,	153,	'Midway Islands'),
(2297,	154,	'Balti'),
(2298,	154,	'Cahul'),
(2299,	154,	'Chisinau'),
(2300,	154,	'Chisnaul'),
(2301,	154,	'Dubasari'),
(2302,	154,	'Edinet'),
(2303,	154,	'Gagauzia'),
(2304,	154,	'Lapusna'),
(2305,	154,	'Orhei'),
(2306,	154,	'Soroca'),
(2307,	154,	'Tighina'),
(2308,	154,	'Ungheni'),
(2309,	155,	'Fontvieille'),
(2310,	155,	'La Condamine'),
(2311,	155,	'Monaco-Ville'),
(2312,	155,	'Monte-Carlo'),
(2313,	156,	'Arhangay'),
(2314,	156,	'Bayan-Olgiy'),
(2315,	156,	'Bayanhongor'),
(2316,	156,	'Bulgan'),
(2317,	156,	'Darhan'),
(2318,	156,	'Dornod'),
(2319,	156,	'Dornogovi'),
(2320,	156,	'Dundgovi'),
(2321,	156,	'Dzavhan'),
(2322,	156,	'Erdenet'),
(2323,	156,	'Govi-Altay'),
(2324,	156,	'Hentiy'),
(2325,	156,	'Hovd'),
(2326,	156,	'Hovsgol'),
(2327,	156,	'Omnogovi'),
(2328,	156,	'Ovorhangay'),
(2329,	156,	'Selenge'),
(2330,	156,	'Suhbaatar'),
(2331,	156,	'Tov'),
(2332,	156,	'Ulaanbaatar'),
(2333,	156,	'Uvs'),
(2334,	157,	'Saint Anthony'),
(2335,	157,	'Saint Georges'),
(2336,	158,	'Chaouia-Ouardigha'),
(2337,	158,	'Doukkala-Abda'),
(2338,	158,	'Fes-Boulemane'),
(2339,	158,	'Gharb-Chrarda-Beni Hsen'),
(2340,	158,	'Grand Casablanca'),
(2341,	158,	'Laayoune-Boujdour-Sakia El Hamra'),
(2342,	158,	'Marrakech-Tensift-El Haouz'),
(2343,	158,	'Meknes-Tafilalt'),
(2344,	158,	'Oriental'),
(2345,	158,	'Oued Ed-Dahab-Lagouira'),
(2346,	158,	'Rabat-Sale-Zemmour-Zaer'),
(2347,	158,	'Sous-Massa-Draa'),
(2348,	158,	'Tadla-Azilal'),
(2349,	158,	'Tanger-Tetouan'),
(2350,	158,	'Taza-Al Hoceima-Taounate'),
(2375,	159,	'Cabo Delgado'),
(2376,	159,	'Gaza'),
(2377,	159,	'Inhambane'),
(2378,	159,	'Manica'),
(2379,	159,	'Maputo'),
(2380,	159,	'Nampula'),
(2381,	159,	'Niassa'),
(2382,	159,	'Sofala'),
(2383,	159,	'Tete'),
(2384,	159,	'Zambezia'),
(2385,	160,	'Caprivi'),
(2386,	160,	'Erongo'),
(2387,	160,	'Hardap'),
(2388,	160,	'Karas'),
(2389,	160,	'Khomas'),
(2390,	160,	'Kunene'),
(2391,	160,	'Ohangwena'),
(2392,	160,	'Okavango'),
(2393,	160,	'Omaheke'),
(2394,	160,	'Omusati'),
(2395,	160,	'Oshana'),
(2396,	160,	'Oshikoto'),
(2397,	160,	'Otjozondjupa'),
(2398,	161,	'Aiwo'),
(2399,	161,	'Anabar'),
(2400,	161,	'Anetan'),
(2401,	161,	'Anibare'),
(2402,	161,	'Baiti'),
(2403,	161,	'Boe'),
(2404,	161,	'Buada'),
(2405,	161,	'Denigomodu'),
(2406,	161,	'Ewa'),
(2407,	161,	'Ijuw'),
(2408,	161,	'Meneng'),
(2409,	161,	'Nibok'),
(2410,	161,	'Uaboe'),
(2411,	161,	'Yaren'),
(2412,	162,	'Central'),
(2413,	162,	'Eastern'),
(2414,	162,	'Far-Western'),
(2415,	162,	'Mid-Western'),
(2416,	162,	'Western'),
(2426,	163,	'Drenthe'),
(2427,	163,	'Flevoland'),
(2428,	163,	'Friesland'),
(2429,	163,	'Gelderland'),
(2430,	163,	'Groningen'),
(2431,	163,	'Limburg'),
(2432,	163,	'Noord-Brabant'),
(2433,	163,	'Noord-Holland'),
(2434,	163,	'Overijssel'),
(2435,	163,	'Utrecht'),
(2436,	163,	'Zeeland'),
(2437,	163,	'Zuid-Holland'),
(2438,	164,	'Netherlands Antilles'),
(2439,	165,	'Iles Loyaute'),
(2440,	165,	'Nord'),
(2441,	165,	'Sud'),
(2442,	166,	'Auckland'),
(2443,	166,	'Bay of Plenty'),
(2444,	166,	'Canterbury'),
(2445,	166,	'Gisborne'),
(2446,	166,	'Hawke\'s Bay'),
(2447,	166,	'Manawatu-Wanganui'),
(2448,	166,	'Chatham Islands'),
(2449,	166,	'Nelson'),
(2450,	166,	'Northland'),
(2451,	166,	'Otago'),
(2508,	166,	'Southland'),
(2512,	166,	'Taranaki'),
(2513,	166,	'Tasman'),
(2522,	166,	'Waikato'),
(2523,	166,	'Wellington'),
(2524,	166,	'West Coast'),
(2546,	167,	'Atlantico Norte'),
(2547,	167,	'Atlantico Sur'),
(2548,	167,	'Boaco'),
(2549,	167,	'Carazo'),
(2550,	167,	'Chinandega'),
(2551,	167,	'Chontales'),
(2552,	167,	'Esteli'),
(2553,	167,	'Granada'),
(2554,	167,	'Jinotega'),
(2555,	167,	'Leon'),
(2556,	167,	'Madriz'),
(2557,	167,	'Managua'),
(2558,	167,	'Masaya'),
(2559,	167,	'Matagalpa'),
(2560,	167,	'Nueva Segovia'),
(2561,	167,	'Rio San Juan'),
(2562,	167,	'Rivas'),
(2563,	168,	'Agadez'),
(2564,	168,	'Diffa'),
(2565,	168,	'Dosso'),
(2566,	168,	'Maradi'),
(2567,	168,	'Niamey'),
(2568,	168,	'Tahoua'),
(2569,	168,	'Tillaberi'),
(2570,	168,	'Zinder'),
(2571,	169,	'Abia'),
(2572,	169,	'Abuja Federal Capital Territory'),
(2573,	169,	'Adamawa'),
(2574,	169,	'Akwa Ibom'),
(2575,	169,	'Anambra'),
(2576,	169,	'Bauchi'),
(2577,	169,	'Bayelsa'),
(2578,	169,	'Benue'),
(2579,	169,	'Borno'),
(2580,	169,	'Cross River'),
(2581,	169,	'Delta'),
(2582,	169,	'Ebonyi'),
(2583,	169,	'Edo'),
(2584,	169,	'Ekiti'),
(2585,	169,	'Enugu'),
(2586,	169,	'Gombe'),
(2587,	169,	'Imo'),
(2588,	169,	'Jigawa'),
(2589,	169,	'Kaduna'),
(2590,	169,	'Kano'),
(2591,	169,	'Katsina'),
(2592,	169,	'Kebbi'),
(2593,	169,	'Kogi'),
(2594,	169,	'Kwara'),
(2595,	169,	'Lagos'),
(2596,	169,	'Nassarawa'),
(2597,	169,	'Niger'),
(2598,	169,	'Ogun'),
(2599,	169,	'Ondo'),
(2600,	169,	'Osun'),
(2601,	169,	'Oyo'),
(2602,	169,	'Plateau'),
(2603,	169,	'Rivers'),
(2604,	169,	'Sokoto'),
(2605,	169,	'Taraba'),
(2606,	169,	'Yobe'),
(2607,	169,	'Zamfara'),
(2608,	170,	'Niue'),
(2609,	171,	'Norfolk Island'),
(2610,	172,	'Northern Islands'),
(2611,	172,	'Rota'),
(2612,	172,	'Saipan'),
(2613,	172,	'Tinian'),
(2614,	173,	'Akershus'),
(2615,	173,	'Aust-Agder'),
(2616,	173,	'Buskerud'),
(2617,	173,	'Finnmark'),
(2618,	173,	'Hedmark'),
(2619,	173,	'Hordaland'),
(2620,	173,	'More og Romsdal'),
(2621,	173,	'Nord-Trondelag'),
(2622,	173,	'Nordland'),
(2623,	173,	'Oppland'),
(2624,	173,	'Oslo'),
(2625,	173,	'Ostfold'),
(2626,	173,	'Rogaland'),
(2627,	173,	'Sogn og Fjordane'),
(2628,	173,	'Sor-Trondelag'),
(2629,	173,	'Telemark'),
(2630,	173,	'Troms'),
(2631,	173,	'Vest-Agder'),
(2632,	173,	'Vestfold'),
(2633,	174,	'Ad Dakhiliyah (Ad Dakjliyah)'),
(2634,	174,	'Al Buraymi'),
(2635,	174,	'Al Wusta'),
(2636,	174,	'Ash Sharqiyah'),
(2637,	174,	'Az Zahirah'),
(2638,	174,	'Masqat'),
(2639,	174,	'Musandam'),
(2641,	175,	'Balochistan'),
(2642,	175,	'Federally Administered Tribal Areas'),
(2643,	175,	'Islamabad Capital Territory'),
(2644,	175,	'North-West Frontier Province'),
(2645,	175,	'Punjab'),
(2646,	175,	'Sindh'),
(2647,	176,	'Aimeliik'),
(2648,	176,	'Airai'),
(2649,	176,	'Angaur'),
(2650,	176,	'Hatohobei'),
(2651,	176,	'Kayangel'),
(2652,	176,	'Koror'),
(2653,	176,	'Melekeok'),
(2654,	176,	'Ngaraard'),
(2655,	176,	'Ngarchelong'),
(2656,	176,	'Ngardmau'),
(2657,	176,	'Ngatpang'),
(2658,	176,	'Ngchesar'),
(2659,	176,	'Ngeremlengui'),
(2660,	176,	'Ngiwal'),
(2661,	176,	'Palau Island'),
(2662,	176,	'Peleliu'),
(2663,	176,	'Sonsoral'),
(2665,	177,	'Bocas del Toro'),
(2666,	177,	'Chiriqui'),
(2667,	177,	'Cocle'),
(2668,	177,	'Colon'),
(2669,	177,	'Darien'),
(2670,	177,	'Herrera'),
(2671,	177,	'Los Santos'),
(2672,	177,	'Panama'),
(2673,	177,	'San Blas'),
(2674,	177,	'Kuna Yala'),
(2675,	178,	'Bougainville'),
(2676,	178,	'Central'),
(2677,	178,	'Chimbu'),
(2678,	178,	'East New Britain'),
(2679,	178,	'East Sepik'),
(2680,	178,	'Eastern Highlands'),
(2681,	178,	'Enga'),
(2682,	178,	'Gulf'),
(2683,	178,	'Madang'),
(2684,	178,	'Manus'),
(2685,	178,	'Milne Bay'),
(2686,	178,	'Morobe'),
(2687,	178,	'National Capital'),
(2688,	178,	'New Ireland'),
(2689,	178,	'Northern'),
(2690,	178,	'Sandaun'),
(2691,	178,	'Southern Highlands'),
(2692,	178,	'West New Britain'),
(2693,	178,	'Western'),
(2694,	178,	'Western Highlands'),
(2695,	179,	'Alto Paraguay'),
(2696,	179,	'Alto Parana'),
(2697,	179,	'Amambay'),
(2698,	179,	'Asuncion (city)'),
(2699,	179,	'Boqueron'),
(2700,	179,	'Caaguazu'),
(2701,	179,	'Caazapa'),
(2702,	179,	'Canindeyu'),
(2703,	179,	'Central'),
(2704,	179,	'Concepcion'),
(2705,	179,	'Cordillera'),
(2706,	179,	'Guaira'),
(2707,	179,	'Itapua'),
(2708,	179,	'Misiones'),
(2709,	179,	'Neembucu'),
(2710,	179,	'Paraguari'),
(2711,	179,	'Presidente Hayes'),
(2712,	179,	'San Pedro'),
(2713,	180,	'Amazonas'),
(2714,	180,	'Ancash'),
(2715,	180,	'Apurimac'),
(2716,	180,	'Arequipa'),
(2717,	180,	'Ayacucho'),
(2718,	180,	'Cajamarca'),
(2719,	180,	'Callao'),
(2720,	180,	'Cusco'),
(2721,	180,	'Huancavelica'),
(2722,	180,	'Huanuco'),
(2723,	180,	'Ica'),
(2724,	180,	'Junin'),
(2725,	180,	'La Libertad'),
(2726,	180,	'Lambayeque'),
(2727,	180,	'Lima'),
(2728,	180,	'Loreto'),
(2729,	180,	'Madre de Dios'),
(2730,	180,	'Moquegua'),
(2731,	180,	'Pasco'),
(2732,	180,	'Piura'),
(2733,	180,	'Puno'),
(2734,	180,	'San Martin'),
(2735,	180,	'Tacna'),
(2736,	180,	'Tumbes'),
(2737,	180,	'Ucayali'),
(2738,	181,	'Abra'),
(2739,	181,	'Agusan del Norte'),
(2740,	181,	'Agusan del Sur'),
(2741,	181,	'Aklan'),
(2742,	181,	'Albay'),
(2744,	181,	'Antique'),
(2745,	181,	'Aurora'),
(2750,	181,	'Basilan'),
(2752,	181,	'Bataan'),
(2753,	181,	'Batanes'),
(2754,	181,	'Batangas'),
(2756,	181,	'Benguet'),
(2757,	181,	'Bohol'),
(2758,	181,	'Bukidnon'),
(2759,	181,	'Bulacan'),
(2763,	181,	'Cagayan'),
(2767,	181,	'Camarines Norte'),
(2768,	181,	'Camarines Sur'),
(2769,	181,	'Camiguin'),
(2770,	181,	'Canlaon'),
(2771,	181,	'Capiz'),
(2772,	181,	'Catanduanes'),
(2773,	181,	'Cavite'),
(2775,	181,	'Cebu'),
(2777,	181,	'Cotabato'),
(2781,	181,	'Davao City Davao'),
(2782,	181,	'Davao del Sur'),
(2783,	181,	'Davao Oriental'),
(2786,	181,	'Eastern Samar'),
(2788,	181,	'Gingoog'),
(2789,	181,	'Ifugao'),
(2791,	181,	'Ilocos Norte'),
(2792,	181,	'Ilocos Sur'),
(2793,	181,	'Iloilo'),
(2796,	181,	'Isabela'),
(2797,	181,	'Kalinga-Apayao'),
(2799,	181,	'La Union'),
(2800,	181,	'Laguna'),
(2801,	181,	'Lanao del Norte'),
(2802,	181,	'Lanao del Sur'),
(2806,	181,	'Leyte'),
(2809,	181,	'Maguindanao'),
(2811,	181,	'Manila'),
(2813,	181,	'Marinduque'),
(2814,	181,	'Masbate'),
(2815,	181,	'Mindoro Occidental'),
(2816,	181,	'Mindoro Oriental'),
(2817,	181,	'Misamis Occidental'),
(2818,	181,	'Misamis Oriental'),
(2819,	181,	'Mountain'),
(2821,	181,	'Negros Occidental'),
(2822,	181,	'Negros Oriental'),
(2824,	181,	'Northern Samar'),
(2825,	181,	'Nueva Ecija'),
(2826,	181,	'Nueva Vizcaya'),
(2832,	181,	'Palawan'),
(2834,	181,	'Pampanga'),
(2835,	181,	'Pangasinan'),
(2838,	181,	'Quezon'),
(2840,	181,	'Quirino'),
(2841,	181,	'Rizal'),
(2842,	181,	'Romblon'),
(2844,	181,	'Samar'),
(2850,	181,	'Siquijor'),
(2851,	181,	'Sorsogon'),
(2852,	181,	'South Cotabato'),
(2853,	181,	'Southern Leyte'),
(2854,	181,	'Sultan Kudarat'),
(2855,	181,	'Sulu'),
(2857,	181,	'Surigao del Norte'),
(2858,	181,	'Surigao del Sur'),
(2863,	181,	'Tarlac'),
(2864,	181,	'Tawitawi'),
(2867,	181,	'Zambales'),
(2868,	181,	'Zamboanga'),
(2869,	181,	'Zamboanga del Norte'),
(2870,	181,	'Zamboanga del Sur'),
(2871,	182,	'Pitcaim Islands'),
(2872,	183,	'Dolnoslaskie'),
(2873,	183,	'Kujawsko-Pomorskie'),
(2874,	183,	'Lodzkie'),
(2875,	183,	'Lubelskie'),
(2876,	183,	'Lubuskie'),
(2877,	183,	'Malopolskie'),
(2878,	183,	'Mazowieckie'),
(2879,	183,	'Opolskie'),
(2880,	183,	'Podkarpackie'),
(2881,	183,	'Podlaskie'),
(2882,	183,	'Pomorskie'),
(2883,	183,	'Slaskie'),
(2884,	183,	'Swietokrzyskie'),
(2885,	183,	'Warminsko-Mazurskie'),
(2886,	183,	'Wielkopolskie'),
(2887,	183,	'Zachodniopomorskie'),
(2888,	184,	'Acores (Azores)'),
(2889,	184,	'Aveiro'),
(2890,	184,	'Beja'),
(2891,	184,	'Braga'),
(2892,	184,	'Braganca'),
(2893,	184,	'Castelo Branco'),
(2894,	184,	'Coimbra'),
(2895,	184,	'Evora'),
(2896,	184,	'Faro'),
(2897,	184,	'Guarda'),
(2898,	184,	'Leiria'),
(2899,	184,	'Lisboa'),
(2900,	184,	'Madeira'),
(2901,	184,	'Portalegre'),
(2902,	184,	'Porto'),
(2903,	184,	'Santarem'),
(2904,	184,	'Setubal'),
(2905,	184,	'Viana do Castelo'),
(2906,	184,	'Vila Real'),
(2907,	184,	'Viseu'),
(2908,	185,	'Adjuntas'),
(2909,	185,	'Aguada'),
(2910,	185,	'Aguadilla'),
(2911,	185,	'Aguas Buenas'),
(2912,	185,	'Aibonito'),
(2913,	185,	'Anasco'),
(2914,	185,	'Arecibo'),
(2915,	185,	'Arroyo'),
(2916,	185,	'Barceloneta'),
(2917,	185,	'Barranquitas'),
(2918,	185,	'Bayamon'),
(2919,	185,	'Cabo Rojo'),
(2920,	185,	'Caguas'),
(2921,	185,	'Camuy'),
(2922,	185,	'Canovanas'),
(2923,	185,	'Carolina'),
(2924,	185,	'Catano'),
(2925,	185,	'Cayey'),
(2926,	185,	'Ceiba'),
(2927,	185,	'Ciales'),
(2928,	185,	'Cidra'),
(2929,	185,	'Coamo'),
(2930,	185,	'Comerio'),
(2931,	185,	'Corozal'),
(2932,	185,	'Culebra'),
(2933,	185,	'Dorado'),
(2934,	185,	'Fajardo'),
(2935,	185,	'Florida'),
(2936,	185,	'Guanica'),
(2937,	185,	'Guayama'),
(2938,	185,	'Guayanilla'),
(2939,	185,	'Guaynabo'),
(2940,	185,	'Gurabo'),
(2941,	185,	'Hatillo'),
(2942,	185,	'Hormigueros'),
(2943,	185,	'Humacao'),
(2944,	185,	'Isabela'),
(2945,	185,	'Jayuya'),
(2946,	185,	'Juana Diaz'),
(2947,	185,	'Juncos'),
(2948,	185,	'Lajas'),
(2949,	185,	'Lares'),
(2950,	185,	'Las Marias'),
(2951,	185,	'Las Piedras'),
(2952,	185,	'Loiza'),
(2953,	185,	'Luquillo'),
(2954,	185,	'Manati'),
(2955,	185,	'Maricao'),
(2956,	185,	'Maunabo'),
(2957,	185,	'Mayaguez'),
(2958,	185,	'Moca'),
(2959,	185,	'Morovis'),
(2960,	185,	'Naguabo'),
(2961,	185,	'Naranjito'),
(2962,	185,	'Orocovis'),
(2963,	185,	'Patillas'),
(2964,	185,	'Penuelas'),
(2965,	185,	'Ponce'),
(2966,	185,	'Quebradillas'),
(2967,	185,	'Rincon'),
(2968,	185,	'Rio Grande'),
(2969,	185,	'Sabana Grande'),
(2970,	185,	'Salinas'),
(2971,	185,	'San German'),
(2972,	185,	'San Juan'),
(2973,	185,	'San Lorenzo'),
(2974,	185,	'San Sebastian'),
(2975,	185,	'Santa Isabel'),
(2976,	185,	'Toa Alta'),
(2977,	185,	'Toa Baja'),
(2978,	185,	'Trujillo Alto'),
(2979,	185,	'Utuado'),
(2980,	185,	'Vega Alta'),
(2981,	185,	'Vega Baja'),
(2982,	185,	'Vieques'),
(2983,	185,	'Villalba'),
(2984,	185,	'Yabucoa'),
(2985,	185,	'Yauco'),
(2986,	186,	'Ad Dawhah'),
(2987,	186,	'Al Ghuwayriyah'),
(2988,	186,	'Al Jumayliyah'),
(2989,	186,	'Al Khawr'),
(2990,	186,	'Al Wakrah'),
(2991,	186,	'Ar Rayyan'),
(2992,	186,	'Jarayan al Batinah'),
(2993,	186,	'Madinat ash Shamal'),
(2994,	186,	'Umm Salal'),
(2995,	187,	'Reunion'),
(2996,	188,	'Alba'),
(2997,	188,	'Arad'),
(2998,	188,	'Arges'),
(2999,	188,	'Bacau'),
(3000,	188,	'Bihor'),
(3001,	188,	'Bistrita-Nasaud'),
(3002,	188,	'Botosani'),
(3003,	188,	'Braila'),
(3004,	188,	'Brasov'),
(3005,	188,	'Bucuresti'),
(3006,	188,	'Buzau'),
(3007,	188,	'Calarasi'),
(3008,	188,	'Caras-Severin'),
(3009,	188,	'Cluj'),
(3010,	188,	'Constanta'),
(3011,	188,	'Covasna'),
(3012,	188,	'Dimbovita'),
(3013,	188,	'Dolj'),
(3014,	188,	'Galati'),
(3015,	188,	'Giurgiu'),
(3016,	188,	'Gorj'),
(3017,	188,	'Harghita'),
(3018,	188,	'Hunedoara'),
(3019,	188,	'Ialomita'),
(3020,	188,	'Iasi'),
(3021,	188,	'Maramures'),
(3022,	188,	'Mehedinti'),
(3023,	188,	'Mures'),
(3024,	188,	'Neamt'),
(3025,	188,	'Olt'),
(3026,	188,	'Prahova'),
(3027,	188,	'Salaj'),
(3028,	188,	'Satu Mare'),
(3029,	188,	'Sibiu'),
(3030,	188,	'Suceava'),
(3031,	188,	'Teleorman'),
(3032,	188,	'Timis'),
(3033,	188,	'Tulcea'),
(3034,	188,	'Vaslui'),
(3035,	188,	'Vilcea'),
(3036,	188,	'Vrancea'),
(3037,	189,	'Adygeya (Maykop)'),
(3038,	189,	'Aginskiy Buryatskiy (Aginskoye)'),
(3039,	189,	'Altay (Gorno-Altaysk)'),
(3040,	189,	'Altayskiy (Barnaul)'),
(3041,	189,	'Amurskaya (Blagoveshchensk)'),
(3042,	189,	'Astrakhanskaya'),
(3043,	189,	'Bashkortostan (Ufa)'),
(3044,	189,	'Belgorodskaya'),
(3045,	189,	'Bryanskaya'),
(3046,	189,	'Buryatiya (Ulan-Ude)'),
(3047,	189,	'Chechnya (Groznyy)'),
(3048,	189,	'Chelyabinskaya'),
(3049,	189,	'Chitinskaya'),
(3050,	189,	'Chuvashiya (Cheboksary)'),
(3051,	189,	'Dagestan (Makhachkala)'),
(3052,	189,	'Evenkiyskiy (Tura)'),
(3053,	189,	'Irkutskaya'),
(3054,	189,	'Ivanovskaya'),
(3055,	189,	'Kaliningradskaya'),
(3056,	189,	'Kalmykiya (Elista)'),
(3057,	189,	'Kaluzhskaya'),
(3058,	189,	'Kamchatskaya (Petropavlovsk-Kamchatskiy)'),
(3059,	189,	'Karachayevo-Cherkesiya (Cherkessk)'),
(3060,	189,	'Kareliya (Petrozavodsk)'),
(3061,	189,	'Kemerovskaya'),
(3062,	189,	'Khabarovskiy'),
(3063,	189,	'Khakasiya (Abakan)'),
(3064,	189,	'Khanty-Mansiyskiy (Khanty-Mansiysk)'),
(3065,	189,	'Kirovskaya'),
(3066,	189,	'Komi (Syktyvkar)'),
(3067,	189,	'Komi-Permyatskiy (Kudymkar)'),
(3068,	189,	'Koryakskiy (Palana)'),
(3069,	189,	'Kostromskaya'),
(3070,	189,	'Krasnodarskiy'),
(3071,	189,	'Krasnoyarskiy'),
(3072,	189,	'Kurganskaya'),
(3073,	189,	'Kurskaya'),
(3074,	189,	'Leningradskaya'),
(3075,	189,	'Lipetskaya'),
(3076,	189,	'Magadanskaya'),
(3077,	189,	'Mariy-El (Yoshkar-Ola)'),
(3078,	189,	'Mordoviya (Saransk)'),
(3079,	189,	'Moskovskaya'),
(3080,	189,	'Moskva (Moscow)'),
(3081,	189,	'Murmanskaya'),
(3082,	189,	'Nizhegorodskaya'),
(3083,	189,	'Novgorodskaya'),
(3084,	189,	'Novosibirskaya'),
(3085,	189,	'Omskaya'),
(3086,	189,	'Orenburgskaya'),
(3087,	189,	'Orlovskaya (Orel)'),
(3088,	189,	'Penzenskaya'),
(3089,	189,	'Permskaya'),
(3090,	189,	'Primorskiy (Vladivostok)'),
(3091,	189,	'Pskovskaya'),
(3092,	189,	'Rostovskaya'),
(3093,	189,	'Ryazanskaya'),
(3094,	189,	'Sakha (Yakutsk)'),
(3095,	189,	'Sakhalinskaya (Yuzhno-Sakhalinsk)'),
(3096,	189,	'Samarskaya'),
(3097,	189,	'Sankt-Peterburg (Saint Petersburg)'),
(3098,	189,	'Saratovskaya'),
(3099,	189,	'Severnaya Osetiya-Alaniya [North Ossetia] (Vladikavkaz)'),
(3100,	189,	'Smolenskaya'),
(3101,	189,	'Sverdlovskaya (Yekaterinburg)'),
(3102,	189,	'Tambovskaya'),
(3103,	189,	'Taymyrskiy (Dudinka)'),
(3104,	189,	'Tomskaya'),
(3105,	189,	'Tverskaya'),
(3106,	189,	'Tyumenskaya'),
(3107,	189,	'Tyva (Kyzyl)'),
(3108,	189,	'Udmurtiya (Izhevsk)'),
(3109,	189,	'Vladimirskaya'),
(3110,	189,	'Volgogradskaya'),
(3111,	189,	'Vologodskaya'),
(3112,	189,	'Voronezhskaya'),
(3113,	189,	'Yamalo-Nenetskiy (Salekhard)'),
(3114,	189,	'Yaroslavskaya'),
(3115,	189,	'Yevreyskaya'),
(3125,	190,	'Kigali-ville'),
(3128,	191,	'Ascension'),
(3129,	191,	'Saint Helena'),
(3130,	191,	'Tristan da Cunha'),
(3131,	192,	'Christ Church Nichola Town'),
(3132,	192,	'Saint Anne Sandy Point'),
(3133,	192,	'Saint George Basseterre'),
(3134,	192,	'Saint George Gingerland'),
(3135,	192,	'Saint James Windward'),
(3136,	192,	'Saint John Capisterre'),
(3137,	192,	'Saint John Figtree'),
(3138,	192,	'Saint Mary Cayon'),
(3139,	192,	'Saint Paul Capisterre'),
(3140,	192,	'Saint Paul Charlestown'),
(3141,	192,	'Saint Peter Basseterre'),
(3142,	192,	'Saint Thomas Lowland'),
(3143,	192,	'Saint Thomas Middle Island'),
(3144,	192,	'Trinity Palmetto Point'),
(3145,	193,	'Anse-la-Raye'),
(3146,	193,	'Castries'),
(3147,	193,	'Choiseul'),
(3148,	193,	'Dauphin'),
(3149,	193,	'Dennery'),
(3150,	193,	'Gros Islet'),
(3151,	193,	'Laborie'),
(3152,	193,	'Micoud'),
(3153,	193,	'Praslin'),
(3154,	193,	'Soufriere'),
(3155,	193,	'Vieux Fort'),
(3156,	194,	'Miquelon'),
(3157,	194,	'Saint Pierre'),
(3158,	195,	'Charlotte'),
(3159,	195,	'Grenadines'),
(3160,	195,	'Saint Andrew'),
(3161,	195,	'Saint David'),
(3162,	195,	'Saint George'),
(3163,	195,	'Saint Patrick'),
(3164,	196,	'Aiga-i-le-Tai'),
(3165,	196,	'Atua'),
(3166,	196,	'Gagaifomauga'),
(3167,	196,	'Palauli'),
(3168,	196,	'Tuamasaga'),
(3169,	196,	'Vaisigano'),
(3170,	197,	'Acquaviva'),
(3171,	197,	'Borgo Maggiore'),
(3172,	197,	'Chiesanuova'),
(3173,	197,	'Domagnano'),
(3174,	197,	'Faetano'),
(3175,	197,	'Fiorentino'),
(3176,	197,	'Monte Giardino'),
(3177,	197,	'San Marino'),
(3178,	197,	'Serravalle'),
(3179,	198,	'Principe'),
(3180,	198,	'Sao Tome'),
(3181,	199,	'Al Bahah'),
(3182,	199,	'Al Hudud ash Shamaliyah'),
(3183,	199,	'Al Jawf'),
(3184,	199,	'Al Madinah'),
(3185,	199,	'Al Qasim'),
(3186,	199,	'Ar Riyad'),
(3187,	199,	'Ash Sharqiyah (Eastern Province)'),
(3188,	199,	'Jizan'),
(3189,	199,	'Makkah'),
(3190,	199,	'Najran'),
(3191,	199,	'Tabuk'),
(3192,	200,	'Aberdeen City'),
(3193,	200,	'Aberdeenshire'),
(3194,	200,	'Angus'),
(3195,	200,	'Argyll and Bute'),
(3196,	200,	'City of Edinburgh'),
(3197,	200,	'Clackmannanshire'),
(3198,	200,	'Dumfries and Galloway'),
(3199,	200,	'Dundee City'),
(3200,	200,	'East Ayrshire'),
(3201,	200,	'East Dunbartonshire'),
(3202,	200,	'East Lothian'),
(3203,	200,	'East Renfrewshire'),
(3204,	200,	'Eilean Siar (Western Isles)'),
(3205,	200,	'Falkirk'),
(3206,	200,	'Fife'),
(3207,	200,	'Glasgow City'),
(3208,	200,	'Highland'),
(3209,	200,	'Inverclyde'),
(3210,	200,	'Midlothian'),
(3211,	200,	'Moray'),
(3212,	200,	'North Ayrshire'),
(3213,	200,	'North Lanarkshire'),
(3214,	200,	'Orkney Islands'),
(3215,	200,	'Perth and Kinross'),
(3216,	200,	'Renfrewshire'),
(3217,	200,	'Shetland Islands'),
(3218,	200,	'South Ayrshire'),
(3219,	200,	'South Lanarkshire'),
(3220,	200,	'Stirling'),
(3221,	200,	'The Scottish Borders'),
(3222,	200,	'West Dunbartonshire'),
(3223,	200,	'West Lothian'),
(3224,	201,	'Dakar'),
(3225,	201,	'Diourbel'),
(3226,	201,	'Fatick'),
(3227,	201,	'Kaolack'),
(3228,	201,	'Kolda'),
(3229,	201,	'Louga'),
(3230,	201,	'Saint-Louis'),
(3231,	201,	'Tambacounda'),
(3232,	201,	'Thies'),
(3233,	201,	'Ziguinchor'),
(3234,	202,	'Anse aux Pins'),
(3235,	202,	'Anse Boileau'),
(3236,	202,	'Anse Etoile'),
(3237,	202,	'Anse Louis'),
(3238,	202,	'Anse Royale'),
(3239,	202,	'Baie Lazare'),
(3240,	202,	'Baie Sainte Anne'),
(3241,	202,	'Beau Vallon'),
(3242,	202,	'Bel Air'),
(3243,	202,	'Bel Ombre'),
(3244,	202,	'Cascade'),
(3245,	202,	'Glacis'),
(3246,	202,	'La Digue'),
(3247,	202,	'La Riviere Anglaise'),
(3248,	202,	'Mont Buxton'),
(3249,	202,	'Mont Fleuri'),
(3250,	202,	'Plaisance'),
(3251,	202,	'Pointe La Rue'),
(3252,	202,	'Port Glaud'),
(3253,	202,	'Saint Louis'),
(3254,	202,	'Takamaka'),
(3255,	203,	'Eastern'),
(3256,	203,	'Northern'),
(3257,	203,	'Southern'),
(3258,	203,	'Western'),
(3260,	205,	'Banskobystricky'),
(3261,	205,	'Bratislavsky'),
(3262,	205,	'Kosicky'),
(3263,	205,	'Nitriansky'),
(3264,	205,	'Presovsky'),
(3265,	205,	'Trenciansky'),
(3266,	205,	'Trnavsky'),
(3267,	205,	'Zilinsky'),
(3268,	206,	'Ajdovscina'),
(3269,	206,	'Beltinci'),
(3270,	206,	'Bled'),
(3271,	206,	'Bohinj'),
(3272,	206,	'Borovnica'),
(3273,	206,	'Bovec'),
(3274,	206,	'Brda'),
(3275,	206,	'Brezice'),
(3276,	206,	'Brezovica'),
(3277,	206,	'Cankova-Tisina'),
(3278,	206,	'Celje'),
(3279,	206,	'Cerklje na Gorenjskem'),
(3280,	206,	'Cerknica'),
(3281,	206,	'Cerkno'),
(3282,	206,	'Crensovci'),
(3283,	206,	'Crna na Koroskem'),
(3284,	206,	'Crnomelj'),
(3285,	206,	'Destrnik-Trnovska Vas'),
(3286,	206,	'Divaca'),
(3287,	206,	'Dobrepolje'),
(3288,	206,	'Dobrova-Horjul-Polhov Gradec'),
(3289,	206,	'Dol pri Ljubljani'),
(3290,	206,	'Domzale'),
(3291,	206,	'Dornava'),
(3292,	206,	'Dravograd'),
(3293,	206,	'Duplek'),
(3294,	206,	'Gorenja Vas-Poljane'),
(3295,	206,	'Gorisnica'),
(3296,	206,	'Gornja Radgona'),
(3297,	206,	'Gornji Grad'),
(3298,	206,	'Gornji Petrovci'),
(3299,	206,	'Grosuplje'),
(3300,	206,	'Hodos Salovci'),
(3301,	206,	'Hrastnik'),
(3302,	206,	'Hrpelje-Kozina'),
(3303,	206,	'Idrija'),
(3304,	206,	'Ig'),
(3305,	206,	'Ilirska Bistrica'),
(3306,	206,	'Ivancna Gorica'),
(3307,	206,	'Izola'),
(3308,	206,	'Jesenice'),
(3309,	206,	'Jursinci'),
(3310,	206,	'Kamnik'),
(3311,	206,	'Kanal'),
(3312,	206,	'Kidricevo'),
(3313,	206,	'Kobarid'),
(3314,	206,	'Kobilje'),
(3315,	206,	'Kocevje'),
(3316,	206,	'Komen'),
(3317,	206,	'Koper'),
(3318,	206,	'Kozje'),
(3319,	206,	'Kranj'),
(3320,	206,	'Kranjska Gora'),
(3321,	206,	'Krsko'),
(3322,	206,	'Kungota'),
(3323,	206,	'Kuzma'),
(3324,	206,	'Lasko'),
(3325,	206,	'Lenart'),
(3326,	206,	'Lendava'),
(3327,	206,	'Litija'),
(3328,	206,	'Ljubljana'),
(3329,	206,	'Ljubno'),
(3330,	206,	'Ljutomer'),
(3331,	206,	'Logatec'),
(3332,	206,	'Loska Dolina'),
(3333,	206,	'Loski Potok'),
(3334,	206,	'Luce'),
(3335,	206,	'Lukovica'),
(3336,	206,	'Majsperk'),
(3337,	206,	'Maribor'),
(3338,	206,	'Medvode'),
(3339,	206,	'Menges'),
(3340,	206,	'Metlika'),
(3341,	206,	'Mezica'),
(3342,	206,	'Miren-Kostanjevica'),
(3343,	206,	'Mislinja'),
(3344,	206,	'Moravce'),
(3345,	206,	'Moravske Toplice'),
(3346,	206,	'Mozirje'),
(3347,	206,	'Murska Sobota'),
(3348,	206,	'Muta'),
(3349,	206,	'Naklo'),
(3350,	206,	'Nazarje'),
(3351,	206,	'Nova Gorica'),
(3352,	206,	'Novo Mesto'),
(3353,	206,	'Odranci'),
(3354,	206,	'Ormoz'),
(3355,	206,	'Osilnica'),
(3356,	206,	'Pesnica'),
(3357,	206,	'Piran'),
(3358,	206,	'Pivka'),
(3359,	206,	'Podcetrtek'),
(3360,	206,	'Podvelka-Ribnica'),
(3361,	206,	'Postojna'),
(3362,	206,	'Preddvor'),
(3363,	206,	'Ptuj'),
(3364,	206,	'Puconci'),
(3365,	206,	'Race-Fram'),
(3366,	206,	'Radece'),
(3367,	206,	'Radenci'),
(3368,	206,	'Radlje ob Dravi'),
(3369,	206,	'Radovljica'),
(3370,	206,	'Ravne-Prevalje'),
(3371,	206,	'Ribnica'),
(3372,	206,	'Rogasevci'),
(3373,	206,	'Rogaska Slatina'),
(3374,	206,	'Rogatec'),
(3375,	206,	'Ruse'),
(3376,	206,	'Semic'),
(3377,	206,	'Sencur'),
(3378,	206,	'Sentilj'),
(3379,	206,	'Sentjernej'),
(3380,	206,	'Sentjur pri Celju'),
(3381,	206,	'Sevnica'),
(3382,	206,	'Sezana'),
(3383,	206,	'Skocjan'),
(3384,	206,	'Skofja Loka'),
(3385,	206,	'Skofljica'),
(3386,	206,	'Slovenj Gradec'),
(3387,	206,	'Slovenska Bistrica'),
(3388,	206,	'Slovenske Konjice'),
(3389,	206,	'Smarje pri Jelsah'),
(3390,	206,	'Smartno ob Paki'),
(3391,	206,	'Sostanj'),
(3392,	206,	'Starse'),
(3393,	206,	'Store'),
(3394,	206,	'Sveti Jurij'),
(3395,	206,	'Tolmin'),
(3396,	206,	'Trbovlje'),
(3397,	206,	'Trebnje'),
(3398,	206,	'Trzic'),
(3399,	206,	'Turnisce'),
(3400,	206,	'Velenje'),
(3401,	206,	'Velike Lasce'),
(3402,	206,	'Videm'),
(3403,	206,	'Vipava'),
(3404,	206,	'Vitanje'),
(3405,	206,	'Vodice'),
(3406,	206,	'Vojnik'),
(3407,	206,	'Vrhnika'),
(3408,	206,	'Vuzenica'),
(3409,	206,	'Zagorje ob Savi'),
(3410,	206,	'Zalec'),
(3411,	206,	'Zavrc'),
(3412,	206,	'Zelezniki'),
(3413,	206,	'Ziri'),
(3414,	206,	'Zrece'),
(3415,	207,	'Bellona'),
(3416,	207,	'Central'),
(3417,	207,	'Choiseul (Lauru)'),
(3418,	207,	'Guadalcanal'),
(3419,	207,	'Honiara'),
(3420,	207,	'Isabel'),
(3421,	207,	'Makira'),
(3422,	207,	'Malaita'),
(3423,	207,	'Rennell'),
(3424,	207,	'Temotu'),
(3425,	207,	'Western'),
(3426,	208,	'Awdal'),
(3427,	208,	'Bakool'),
(3428,	208,	'Banaadir'),
(3429,	208,	'Bari'),
(3430,	208,	'Bay'),
(3431,	208,	'Galguduud'),
(3432,	208,	'Gedo'),
(3433,	208,	'Hiiraan'),
(3434,	208,	'Jubbada Dhexe'),
(3435,	208,	'Jubbada Hoose'),
(3436,	208,	'Mudug'),
(3437,	208,	'Nugaal'),
(3438,	208,	'Sanaag'),
(3439,	208,	'Shabeellaha Dhexe'),
(3440,	208,	'Shabeellaha Hoose'),
(3441,	208,	'Sool'),
(3442,	208,	'Togdheer'),
(3443,	208,	'Woqooyi Galbeed'),
(3444,	209,	'Eastern Cape'),
(3445,	209,	'Free State'),
(3446,	209,	'Gauteng'),
(3447,	209,	'KwaZulu-Natal'),
(3448,	209,	'Mpumalanga'),
(3449,	209,	'North-West'),
(3450,	209,	'Northern Cape'),
(3451,	209,	'Northern Province'),
(3452,	209,	'Western Cape'),
(3453,	210,	'Bird Island'),
(3454,	210,	'Bristol Island'),
(3455,	210,	'Clerke Rocks'),
(3456,	210,	'Montagu Island'),
(3457,	210,	'Saunders Island'),
(3458,	210,	'South Georgia'),
(3459,	210,	'Southern Thule'),
(3460,	210,	'Traversay Islands'),
(3461,	211,	'Andalucia'),
(3462,	211,	'Aragon'),
(3463,	211,	'Asturias'),
(3464,	211,	'Baleares (Balearic Islands)'),
(3465,	211,	'Canarias (Canary Islands)'),
(3466,	211,	'Cantabria'),
(3467,	211,	'Castilla y Leon'),
(3468,	211,	'Castilla-La Mancha'),
(3469,	211,	'Cataluna'),
(3470,	211,	'Ceuta'),
(3471,	211,	'Communidad Valencian'),
(3472,	211,	'Extremadura'),
(3473,	211,	'Galicia'),
(3474,	211,	'Islas Chafarinas'),
(3475,	211,	'La Rioja'),
(3476,	211,	'Madrid'),
(3477,	211,	'Melilla'),
(3478,	211,	'Murcia'),
(3479,	211,	'Navarra'),
(3480,	211,	'Pais Vasco (Basque Country)'),
(3481,	211,	'Penon de Alhucemas'),
(3482,	211,	'Penon de Velez de la Gomera'),
(3483,	212,	'Spratly Islands'),
(3484,	213,	'Central'),
(3485,	213,	'Eastern'),
(3486,	213,	'North Central'),
(3487,	213,	'North Eastern'),
(3488,	213,	'North Western'),
(3489,	213,	'Northern'),
(3490,	213,	'Sabaragamuwa'),
(3491,	213,	'Southern'),
(3492,	213,	'Uva'),
(3493,	213,	'Western'),
(3494,	214,	'Al Bahr al Ahmar'),
(3495,	214,	'Al Buhayrat'),
(3496,	214,	'Al Jazirah'),
(3497,	214,	'Al Khartum'),
(3498,	214,	'Al Qadarif'),
(3499,	214,	'Al Wahdah'),
(3500,	214,	'An Nil al Abyad'),
(3501,	214,	'An Nil al Azraq'),
(3502,	214,	'Ash Shamaliyah'),
(3503,	214,	'Bahr al Jabal'),
(3504,	214,	'Gharb Bahr al Ghazal'),
(3505,	214,	'Gharb Darfur'),
(3506,	214,	'Gharb Kurdufan'),
(3507,	214,	'Janub Darfur'),
(3508,	214,	'Janub Kurdufan'),
(3509,	214,	'Junqali'),
(3510,	214,	'Kassala'),
(3511,	214,	'Nahr an Nil'),
(3512,	214,	'Shamal Bahr al Ghazal'),
(3513,	214,	'Shamal Darfur'),
(3514,	214,	'Shamal Kurdufan'),
(3515,	214,	'Sinnar'),
(3516,	214,	'Warab'),
(3517,	215,	'Brokopondo'),
(3518,	215,	'Commewijne'),
(3519,	215,	'Coronie'),
(3520,	215,	'Marowijne'),
(3521,	215,	'Nickerie'),
(3522,	215,	'Para'),
(3523,	215,	'Paramaribo'),
(3524,	215,	'Saramacca'),
(3525,	215,	'Sipaliwini'),
(3526,	215,	'Wanica'),
(3527,	216,	'Barentsoya'),
(3528,	216,	'Bjornoya'),
(3529,	216,	'Edgeoya'),
(3530,	216,	'Hopen'),
(3531,	216,	'Kvitoya'),
(3532,	216,	'Nordaustandet'),
(3533,	216,	'Prins Karls Forland'),
(3534,	216,	'Spitsbergen'),
(3535,	217,	'Hhohho'),
(3536,	217,	'Lubombo'),
(3537,	217,	'Manzini'),
(3538,	217,	'Shiselweni'),
(3539,	218,	'Blekinge'),
(3540,	218,	'Dalarnas'),
(3541,	218,	'Gavleborgs'),
(3542,	218,	'Gotlands'),
(3543,	218,	'Hallands'),
(3544,	218,	'Jamtlands'),
(3545,	218,	'Jonkopings'),
(3546,	218,	'Kalmar'),
(3547,	218,	'Kronobergs'),
(3548,	218,	'Norrbottens'),
(3549,	218,	'Orebro'),
(3550,	218,	'Ostergotlands'),
(3551,	218,	'Skane'),
(3552,	218,	'Sodermanlands'),
(3553,	218,	'Stockholms'),
(3554,	218,	'Uppsala'),
(3555,	218,	'Varmlands'),
(3556,	218,	'Vasterbottens'),
(3557,	218,	'Vasternorrlands'),
(3558,	218,	'Vastmanlands'),
(3559,	218,	'Vastra Gotalands'),
(3560,	219,	'Aargau'),
(3561,	219,	'Ausser-Rhoden'),
(3562,	219,	'Basel-Landschaft'),
(3563,	219,	'Basel-Stadt'),
(3564,	219,	'Bern'),
(3565,	219,	'Fribourg'),
(3566,	219,	'Geneve'),
(3567,	219,	'Glarus'),
(3568,	219,	'Graubunden'),
(3569,	219,	'Inner-Rhoden'),
(3570,	219,	'Jura'),
(3571,	219,	'Luzern'),
(3572,	219,	'Neuchatel'),
(3573,	219,	'Nidwalden'),
(3574,	219,	'Obwalden'),
(3575,	219,	'Sankt Gallen'),
(3576,	219,	'Schaffhausen'),
(3577,	219,	'Schwyz'),
(3578,	219,	'Solothurn'),
(3579,	219,	'Thurgau'),
(3580,	219,	'Ticino'),
(3581,	219,	'Uri'),
(3582,	219,	'Valais'),
(3583,	219,	'Vaud'),
(3584,	219,	'Zug'),
(3585,	219,	'Zurich'),
(3586,	220,	'Al Hasakah'),
(3587,	220,	'Al Ladhiqiyah'),
(3588,	220,	'Al Qunaytirah'),
(3589,	220,	'Ar Raqqah'),
(3590,	220,	'Dayr az Zawr'),
(3591,	220,	'Dimashq'),
(3592,	220,	'Halab'),
(3593,	220,	'Hamah'),
(3594,	220,	'Hims'),
(3595,	220,	'Idlib'),
(3596,	220,	'Rif Dimashq'),
(3597,	220,	'Tartus'),
(3598,	221,	'Chang-hua'),
(3599,	221,	'Chi-lung'),
(3600,	221,	'Chia-i'),
(3602,	221,	'Hsin-chu'),
(3604,	221,	'Hua-lien'),
(3605,	221,	'I-lan'),
(3606,	221,	'Kao-hsiung'),
(3608,	221,	'Miao-li'),
(3609,	221,	'Yun-lin'),
(3610,	222,	'Viloyati Khatlon'),
(3611,	222,	'Viloyati Leninobod'),
(3612,	222,	'Viloyati Mukhtori Kuhistoni Badakhshon'),
(3613,	223,	'Arusha'),
(3614,	223,	'Dar es Salaam'),
(3615,	223,	'Dodoma'),
(3616,	223,	'Iringa'),
(3617,	223,	'Kagera'),
(3618,	223,	'Kigoma'),
(3619,	223,	'Kilimanjaro'),
(3620,	223,	'Lindi'),
(3621,	223,	'Mara'),
(3622,	223,	'Mbeya'),
(3623,	223,	'Morogoro'),
(3624,	223,	'Mtwara'),
(3625,	223,	'Mwanza'),
(3626,	223,	'Pemba North'),
(3627,	223,	'Pemba South'),
(3628,	223,	'Pwani'),
(3629,	223,	'Rukwa'),
(3630,	223,	'Ruvuma'),
(3631,	223,	'Shinyanga'),
(3632,	223,	'Singida'),
(3633,	223,	'Tabora'),
(3634,	223,	'Tanga'),
(3635,	223,	'Zanzibar Central/South'),
(3636,	223,	'Zanzibar North'),
(3637,	223,	'Zanzibar Urban/West'),
(3638,	224,	'Amnat Charoen'),
(3639,	224,	'Ang Thong'),
(3640,	224,	'Buriram'),
(3641,	224,	'Chachoengsao'),
(3642,	224,	'Chai Nat'),
(3643,	224,	'Chaiyaphum'),
(3644,	224,	'Chanthaburi'),
(3645,	224,	'Chiang Mai'),
(3646,	224,	'Chiang Rai'),
(3647,	224,	'Chon Buri'),
(3648,	224,	'Chumphon'),
(3649,	224,	'Kalasin'),
(3650,	224,	'Kamphaeng Phet'),
(3651,	224,	'Kanchanaburi'),
(3652,	224,	'Khon Kaen'),
(3653,	224,	'Krabi'),
(3654,	224,	'Krung Thep Mahanakhon (Bangkok)'),
(3655,	224,	'Lampang'),
(3656,	224,	'Lamphun'),
(3657,	224,	'Loei'),
(3658,	224,	'Lop Buri'),
(3659,	224,	'Mae Hong Son'),
(3660,	224,	'Maha Sarakham'),
(3661,	224,	'Mukdahan'),
(3662,	224,	'Nakhon Nayok'),
(3663,	224,	'Nakhon Pathom'),
(3664,	224,	'Nakhon Phanom'),
(3665,	224,	'Nakhon Ratchasima'),
(3666,	224,	'Nakhon Sawan'),
(3667,	224,	'Nakhon Si Thammarat'),
(3668,	224,	'Nan'),
(3669,	224,	'Narathiwat'),
(3670,	224,	'Nong Bua Lamphu'),
(3671,	224,	'Nong Khai'),
(3672,	224,	'Nonthaburi'),
(3673,	224,	'Pathum Thani'),
(3674,	224,	'Pattani'),
(3675,	224,	'Phangnga'),
(3676,	224,	'Phatthalung'),
(3677,	224,	'Phayao'),
(3678,	224,	'Phetchabun'),
(3679,	224,	'Phetchaburi'),
(3680,	224,	'Phichit'),
(3681,	224,	'Phitsanulok'),
(3682,	224,	'Phra Nakhon Si Ayutthaya'),
(3683,	224,	'Phrae'),
(3684,	224,	'Phuket'),
(3685,	224,	'Prachin Buri'),
(3686,	224,	'Prachuap Khiri Khan'),
(3687,	224,	'Ranong'),
(3688,	224,	'Ratchaburi'),
(3689,	224,	'Rayong'),
(3690,	224,	'Roi Et'),
(3691,	224,	'Sa Kaeo'),
(3692,	224,	'Sakon Nakhon'),
(3693,	224,	'Samut Prakan'),
(3694,	224,	'Samut Sakhon'),
(3695,	224,	'Samut Songkhram'),
(3696,	224,	'Sara Buri'),
(3697,	224,	'Satun'),
(3698,	224,	'Sing Buri'),
(3699,	224,	'Sisaket'),
(3700,	224,	'Songkhla'),
(3701,	224,	'Sukhothai'),
(3702,	224,	'Suphan Buri'),
(3703,	224,	'Surat Thani'),
(3704,	224,	'Surin'),
(3705,	224,	'Tak'),
(3706,	224,	'Trang'),
(3707,	224,	'Trat'),
(3708,	224,	'Ubon Ratchathani'),
(3709,	224,	'Udon Thani'),
(3710,	224,	'Uthai Thani'),
(3711,	224,	'Uttaradit'),
(3712,	224,	'Yala'),
(3713,	224,	'Yasothon'),
(3714,	225,	'Tobago'),
(3715,	226,	'De La Kara'),
(3716,	226,	'Des Plateaux'),
(3717,	226,	'Des Savanes'),
(3718,	226,	'Du Centre'),
(3719,	226,	'Maritime'),
(3720,	227,	'Atafu'),
(3721,	227,	'Fakaofo'),
(3722,	227,	'Nukunonu'),
(3723,	228,	'Tongatapu'),
(3724,	229,	'Arima'),
(3725,	229,	'Caroni'),
(3726,	229,	'Mayaro'),
(3727,	229,	'Nariva'),
(3728,	229,	'Port-of-Spain'),
(3729,	229,	'Saint Andrew'),
(3730,	229,	'Saint David'),
(3731,	229,	'Saint George'),
(3732,	229,	'Saint Patrick'),
(3733,	229,	'San Fernando'),
(3734,	229,	'Victoria'),
(3735,	230,	'Ariana'),
(3736,	230,	'Beja'),
(3737,	230,	'Ben Arous'),
(3738,	230,	'Bizerte'),
(3739,	230,	'El Kef'),
(3740,	230,	'Gabes'),
(3741,	230,	'Gafsa'),
(3742,	230,	'Jendouba'),
(3743,	230,	'Kairouan'),
(3744,	230,	'Kasserine'),
(3745,	230,	'Kebili'),
(3746,	230,	'Mahdia'),
(3747,	230,	'Medenine'),
(3748,	230,	'Monastir'),
(3749,	230,	'Nabeul'),
(3750,	230,	'Sfax'),
(3751,	230,	'Sidi Bou Zid'),
(3752,	230,	'Siliana'),
(3753,	230,	'Sousse'),
(3754,	230,	'Tataouine'),
(3755,	230,	'Tozeur'),
(3756,	230,	'Tunis'),
(3757,	230,	'Zaghouan'),
(3758,	231,	'Adana'),
(3759,	231,	'Adiyaman'),
(3760,	231,	'Afyon'),
(3761,	231,	'Agri'),
(3762,	231,	'Aksaray'),
(3763,	231,	'Amasya'),
(3764,	231,	'Ankara'),
(3765,	231,	'Antalya'),
(3766,	231,	'Ardahan'),
(3767,	231,	'Artvin'),
(3768,	231,	'Aydin'),
(3769,	231,	'Balikesir'),
(3770,	231,	'Bartin'),
(3771,	231,	'Batman'),
(3772,	231,	'Bayburt'),
(3773,	231,	'Bilecik'),
(3774,	231,	'Bingol'),
(3775,	231,	'Bitlis'),
(3776,	231,	'Bolu'),
(3777,	231,	'Burdur'),
(3778,	231,	'Bursa'),
(3779,	231,	'Canakkale'),
(3780,	231,	'Cankiri'),
(3781,	231,	'Corum'),
(3782,	231,	'Denizli'),
(3783,	231,	'Diyarbakir'),
(3784,	231,	'Duzce'),
(3785,	231,	'Edirne'),
(3786,	231,	'Elazig'),
(3787,	231,	'Erzincan'),
(3788,	231,	'Erzurum'),
(3789,	231,	'Eskisehir'),
(3790,	231,	'Gaziantep'),
(3791,	231,	'Giresun'),
(3792,	231,	'Gumushane'),
(3793,	231,	'Hakkari'),
(3794,	231,	'Hatay'),
(3795,	231,	'Icel'),
(3796,	231,	'Igdir'),
(3797,	231,	'Isparta'),
(3798,	231,	'Istanbul'),
(3799,	231,	'Izmir'),
(3800,	231,	'Kahramanmaras'),
(3801,	231,	'Karabuk'),
(3802,	231,	'Karaman'),
(3803,	231,	'Kars'),
(3804,	231,	'Kastamonu'),
(3805,	231,	'Kayseri'),
(3806,	231,	'Kilis'),
(3807,	231,	'Kirikkale'),
(3808,	231,	'Kirklareli'),
(3809,	231,	'Kirsehir'),
(3810,	231,	'Kocaeli'),
(3811,	231,	'Konya'),
(3812,	231,	'Kutahya'),
(3813,	231,	'Malatya'),
(3814,	231,	'Manisa'),
(3815,	231,	'Mardin'),
(3816,	231,	'Mugla'),
(3817,	231,	'Mus'),
(3818,	231,	'Nevsehir'),
(3819,	231,	'Nigde'),
(3820,	231,	'Ordu'),
(3821,	231,	'Osmaniye'),
(3822,	231,	'Rize'),
(3823,	231,	'Sakarya'),
(3824,	231,	'Samsun'),
(3825,	231,	'Sanliurfa'),
(3826,	231,	'Siirt'),
(3827,	231,	'Sinop'),
(3828,	231,	'Sirnak'),
(3829,	231,	'Sivas'),
(3830,	231,	'Tekirdag'),
(3831,	231,	'Tokat'),
(3832,	231,	'Trabzon'),
(3833,	231,	'Tunceli'),
(3834,	231,	'Usak'),
(3835,	231,	'Van'),
(3836,	231,	'Yalova'),
(3837,	231,	'Yozgat'),
(3838,	231,	'Zonguldak'),
(3839,	232,	'Ahal Welayaty'),
(3840,	232,	'Balkan Welayaty'),
(3841,	232,	'Dashhowuz Welayaty'),
(3842,	232,	'Lebap Welayaty'),
(3843,	232,	'Mary Welayaty'),
(3845,	234,	'Adjumani'),
(3846,	234,	'Apac'),
(3847,	234,	'Arua'),
(3848,	234,	'Bugiri'),
(3849,	234,	'Bundibugyo'),
(3850,	234,	'Bushenyi'),
(3851,	234,	'Busia'),
(3852,	234,	'Gulu'),
(3853,	234,	'Hoima'),
(3854,	234,	'Iganga'),
(3855,	234,	'Jinja'),
(3856,	234,	'Kabale'),
(3857,	234,	'Kabarole'),
(3858,	234,	'Kalangala'),
(3859,	234,	'Kampala'),
(3860,	234,	'Kamuli'),
(3861,	234,	'Kapchorwa'),
(3862,	234,	'Kasese'),
(3863,	234,	'Katakwi'),
(3864,	234,	'Kibale'),
(3865,	234,	'Kiboga'),
(3866,	234,	'Kisoro'),
(3867,	234,	'Kitgum'),
(3868,	234,	'Kotido'),
(3869,	234,	'Kumi'),
(3870,	234,	'Lira'),
(3871,	234,	'Luwero'),
(3872,	234,	'Masaka'),
(3873,	234,	'Masindi'),
(3874,	234,	'Mbale'),
(3875,	234,	'Mbarara'),
(3876,	234,	'Moroto'),
(3877,	234,	'Moyo'),
(3878,	234,	'Mpigi'),
(3879,	234,	'Mubende'),
(3880,	234,	'Mukono'),
(3881,	234,	'Nakasongola'),
(3882,	234,	'Nebbi'),
(3883,	234,	'Ntungamo'),
(3884,	234,	'Pallisa'),
(3885,	234,	'Rakai'),
(3886,	234,	'Rukungiri'),
(3887,	234,	'Sembabule'),
(3888,	234,	'Soroti'),
(3889,	234,	'Tororo'),
(3890,	235,	'Kyyiv'),
(3891,	236,	'Abu Zaby (Abu Dhabi)'),
(3892,	236,	'Al Fujayrah'),
(3893,	236,	'Ash Shariqah (Sharjah)'),
(3894,	236,	'Dubayy (Dubai)'),
(3895,	236,	'Umm al Qaywayn'),
(3896,	237,	'Barking and Dagenham'),
(3897,	237,	'Barnet'),
(3898,	237,	'Barnsley'),
(3899,	237,	'Bath and North East Somerset'),
(3900,	237,	'Bedfordshire'),
(3901,	237,	'Bexley'),
(3902,	237,	'Birmingham'),
(3903,	237,	'Blackburn with Darwen'),
(3904,	237,	'Blackpool'),
(3905,	237,	'Bolton'),
(3906,	237,	'Bournemouth'),
(3907,	237,	'Bracknell Forest'),
(3908,	237,	'Bradford'),
(3909,	237,	'Brent'),
(3910,	237,	'Brighton and Hove'),
(3911,	237,	'Bromley'),
(3912,	237,	'Buckinghamshire'),
(3913,	237,	'Bury'),
(3914,	237,	'Calderdale'),
(3915,	237,	'Cambridgeshire'),
(3916,	237,	'Camden'),
(3917,	237,	'Cheshire'),
(3918,	237,	'City of Bristol'),
(3919,	237,	'City of Kingston upon Hull'),
(3920,	237,	'City of London'),
(3921,	237,	'Cornwall'),
(3922,	237,	'Coventry'),
(3923,	237,	'Croydon'),
(3924,	237,	'Cumbria'),
(3925,	237,	'Darlington'),
(3926,	237,	'Derby'),
(3927,	237,	'Derbyshire'),
(3928,	237,	'Devon'),
(3929,	237,	'Doncaster'),
(3930,	237,	'Dorset'),
(3931,	237,	'Dudley'),
(3932,	237,	'Durham'),
(3933,	237,	'Ealing'),
(3934,	237,	'East Riding of Yorkshire'),
(3935,	237,	'East Sussex'),
(3936,	237,	'Enfield'),
(3937,	237,	'Essex'),
(3938,	237,	'Gateshead'),
(3939,	237,	'Gloucestershire'),
(3940,	237,	'Greenwich'),
(3941,	237,	'Hackney'),
(3942,	237,	'Halton'),
(3943,	237,	'Hammersmith and Fulham'),
(3944,	237,	'Hampshire'),
(3945,	237,	'Haringey'),
(3946,	237,	'Harrow'),
(3947,	237,	'Hartlepool'),
(3948,	237,	'Havering'),
(3949,	237,	'Herefordshire'),
(3950,	237,	'Hertfordshire'),
(3951,	237,	'Hillingdon'),
(3952,	237,	'Hounslow'),
(3953,	237,	'Isle of Wight'),
(3954,	237,	'Islington'),
(3955,	237,	'Kensington and Chelsea'),
(3956,	237,	'Kent'),
(3957,	237,	'Kingston upon Thames'),
(3958,	237,	'Kirklees'),
(3959,	237,	'Knowsley'),
(3960,	237,	'Lambeth'),
(3961,	237,	'Lancashire'),
(3962,	237,	'Leeds'),
(3963,	237,	'Leicester'),
(3964,	237,	'Leicestershire'),
(3965,	237,	'Lewisham'),
(3966,	237,	'Lincolnshire'),
(3967,	237,	'Liverpool'),
(3968,	237,	'Luton'),
(3969,	237,	'Manchester'),
(3970,	237,	'Medway'),
(3971,	237,	'Merton'),
(3972,	237,	'Middlesbrough'),
(3973,	237,	'Milton Keynes'),
(3974,	237,	'Newcastle upon Tyne'),
(3975,	237,	'Newham'),
(3976,	237,	'Norfolk'),
(3977,	237,	'North East Lincolnshire'),
(3978,	237,	'North Lincolnshire'),
(3979,	237,	'North Somerset'),
(3980,	237,	'North Tyneside'),
(3981,	237,	'North Yorkshire'),
(3982,	237,	'Northamptonshire'),
(3983,	237,	'Northumberland'),
(3984,	237,	'Nottingham'),
(3985,	237,	'Nottinghamshire'),
(3986,	237,	'Oldham'),
(3987,	237,	'Oxfordshire'),
(3988,	237,	'Peterborough'),
(3989,	237,	'Plymouth'),
(3990,	237,	'Poole'),
(3991,	237,	'Portsmouth'),
(3992,	237,	'Reading'),
(3993,	237,	'Redbridge'),
(3994,	237,	'Redcar and Cleveland'),
(3995,	237,	'Richmond upon Thames'),
(3996,	237,	'Rochdale'),
(3997,	237,	'Rotherham'),
(3998,	237,	'Rutland'),
(3999,	237,	'Salford'),
(4000,	237,	'Sandwell'),
(4001,	237,	'Sefton'),
(4002,	237,	'Sheffield'),
(4003,	237,	'Shropshire'),
(4004,	237,	'Slough'),
(4005,	237,	'Solihull'),
(4006,	237,	'Somerset'),
(4007,	237,	'South Gloucestershire'),
(4008,	237,	'South Tyneside'),
(4009,	237,	'Southampton'),
(4010,	237,	'Southend-on-Sea'),
(4011,	237,	'Southwark'),
(4012,	237,	'St. Helens'),
(4013,	237,	'Staffordshire'),
(4014,	237,	'Stockport'),
(4015,	237,	'Stockton-on-Tees'),
(4016,	237,	'Stoke-on-Trent'),
(4017,	237,	'Suffolk'),
(4018,	237,	'Sunderland'),
(4019,	237,	'Surrey'),
(4020,	237,	'Sutton'),
(4021,	237,	'Swindon'),
(4022,	237,	'Tameside'),
(4023,	237,	'Telford and Wrekin'),
(4024,	237,	'Thurrock'),
(4025,	237,	'Torbay'),
(4026,	237,	'Tower Hamlets'),
(4027,	237,	'Trafford'),
(4028,	237,	'Wakefield'),
(4029,	237,	'Walsall'),
(4030,	237,	'Waltham Forest'),
(4031,	237,	'Wandsworth'),
(4032,	237,	'Warrington'),
(4033,	237,	'Warwickshire'),
(4034,	237,	'West Berkshire'),
(4035,	237,	'West Sussex'),
(4036,	237,	'Westminster'),
(4037,	237,	'Wigan'),
(4038,	237,	'Wiltshire'),
(4039,	237,	'Windsor and Maidenhead'),
(4040,	237,	'Wirral'),
(4041,	237,	'Wokingham'),
(4042,	237,	'Wolverhampton'),
(4043,	237,	'Worcestershire'),
(4044,	237,	'York'),
(4045,	238,	'Artigas'),
(4046,	238,	'Canelones'),
(4047,	238,	'Cerro Largo'),
(4048,	238,	'Colonia'),
(4049,	238,	'Durazno'),
(4050,	238,	'Flores'),
(4051,	238,	'Florida'),
(4052,	238,	'Lavalleja'),
(4053,	238,	'Maldonado'),
(4054,	238,	'Montevideo'),
(4055,	238,	'Paysandu'),
(4056,	238,	'Rio Negro'),
(4057,	238,	'Rivera'),
(4058,	238,	'Rocha'),
(4059,	238,	'Salto'),
(4060,	238,	'San Jose'),
(4061,	238,	'Soriano'),
(4062,	238,	'Tacuarembo'),
(4063,	238,	'Treinta y Tres'),
(4064,	239,	'Alabama'),
(4065,	239,	'Alaska'),
(4066,	239,	'Arizona'),
(4067,	239,	'Arkansas'),
(4068,	239,	'California'),
(4069,	239,	'Colorado'),
(4070,	239,	'Connecticut'),
(4071,	239,	'Delaware'),
(4072,	239,	'District of Columbia'),
(4073,	239,	'Florida'),
(4074,	239,	'Georgia'),
(4075,	239,	'Hawaii'),
(4076,	239,	'Idaho'),
(4077,	239,	'Illinois'),
(4078,	239,	'Indiana'),
(4079,	239,	'Iowa'),
(4080,	239,	'Kansas'),
(4081,	239,	'Kentucky'),
(4082,	239,	'Louisiana'),
(4083,	239,	'Maine'),
(4084,	239,	'Maryland'),
(4085,	239,	'Massachusetts'),
(4086,	239,	'Michigan'),
(4087,	239,	'Minnesota'),
(4088,	239,	'Mississippi'),
(4089,	239,	'Missouri'),
(4090,	239,	'Montana'),
(4091,	239,	'Nebraska'),
(4092,	239,	'Nevada'),
(4093,	239,	'New Hampshire'),
(4094,	239,	'New Jersey'),
(4095,	239,	'New Mexico'),
(4096,	239,	'New York'),
(4097,	239,	'North Carolina'),
(4098,	239,	'North Dakota'),
(4099,	239,	'Ohio'),
(4100,	239,	'Oklahoma'),
(4101,	239,	'Oregon'),
(4102,	239,	'Pennsylvania'),
(4103,	239,	'Rhode Island'),
(4104,	239,	'South Carolina'),
(4105,	239,	'South Dakota'),
(4106,	239,	'Tennessee'),
(4107,	239,	'Texas'),
(4108,	239,	'Utah'),
(4109,	239,	'Vermont'),
(4110,	239,	'Virginia'),
(4111,	239,	'Washington'),
(4112,	239,	'West Virginia'),
(4113,	239,	'Wisconsin'),
(4114,	239,	'Wyoming'),
(4115,	240,	'Andijon Wiloyati'),
(4116,	240,	'Bukhoro Wiloyati'),
(4117,	240,	'Farghona Wiloyati'),
(4118,	240,	'Jizzakh Wiloyati'),
(4119,	240,	'Khorazm Wiloyati (Urganch)'),
(4120,	240,	'Namangan Wiloyati'),
(4121,	240,	'Nawoiy Wiloyati'),
(4122,	240,	'Qashqadaryo Wiloyati (Qarshi)'),
(4123,	240,	'Qoraqalpoghiston (Nukus)'),
(4124,	240,	'Samarqand Wiloyati'),
(4125,	240,	'Sirdaryo Wiloyati (Guliston)'),
(4126,	240,	'Surkhondaryo Wiloyati (Termiz)'),
(4127,	240,	'Toshkent Shahri'),
(4128,	240,	'Toshkent Wiloyati'),
(4129,	241,	'Malampa'),
(4130,	241,	'Penama'),
(4131,	241,	'Sanma'),
(4132,	241,	'Shefa'),
(4133,	241,	'Tafea'),
(4134,	241,	'Torba'),
(4135,	242,	'Amazonas'),
(4136,	242,	'Anzoategui'),
(4137,	242,	'Apure'),
(4138,	242,	'Aragua'),
(4139,	242,	'Barinas'),
(4140,	242,	'Bolivar'),
(4141,	242,	'Carabobo'),
(4142,	242,	'Cojedes'),
(4143,	242,	'Delta Amacuro'),
(4144,	242,	'Dependencias Federales'),
(4145,	242,	'Distrito Federal'),
(4146,	242,	'Falcon'),
(4147,	242,	'Guarico'),
(4148,	242,	'Lara'),
(4149,	242,	'Merida'),
(4150,	242,	'Miranda'),
(4151,	242,	'Monagas'),
(4152,	242,	'Nueva Esparta'),
(4153,	242,	'Portuguesa'),
(4154,	242,	'Sucre'),
(4155,	242,	'Tachira'),
(4156,	242,	'Trujillo'),
(4157,	242,	'Vargas'),
(4158,	242,	'Yaracuy'),
(4159,	242,	'Zulia'),
(4160,	243,	'An Giang'),
(4161,	243,	'Ba Ria-Vung Tau'),
(4162,	243,	'Bac Giang'),
(4163,	243,	'Bac Kan'),
(4164,	243,	'Bac Lieu'),
(4165,	243,	'Bac Ninh'),
(4166,	243,	'Ben Tre'),
(4167,	243,	'Binh Dinh'),
(4168,	243,	'Binh Duong'),
(4169,	243,	'Binh Phuoc'),
(4170,	243,	'Binh Thuan'),
(4171,	243,	'Ca Mau'),
(4172,	243,	'Can Tho'),
(4173,	243,	'Cao Bang'),
(4174,	243,	'Da Nang'),
(4175,	243,	'Dac Lak'),
(4176,	243,	'Dong Nai'),
(4177,	243,	'Dong Thap'),
(4178,	243,	'Gia Lai'),
(4179,	243,	'Ha Giang'),
(4180,	243,	'Ha Nam'),
(4181,	243,	'Ha Noi'),
(4182,	243,	'Ha Tay'),
(4183,	243,	'Ha Tinh'),
(4184,	243,	'Hai Duong'),
(4185,	243,	'Hai Phong'),
(4186,	243,	'Ho Chi Minh'),
(4187,	243,	'Hoa Binh'),
(4188,	243,	'Hung Yen'),
(4189,	243,	'Khanh Hoa'),
(4190,	243,	'Kien Giang'),
(4191,	243,	'Kon Tum'),
(4192,	243,	'Lai Chau'),
(4193,	243,	'Lam Dong'),
(4194,	243,	'Lang Son'),
(4195,	243,	'Lao Cai'),
(4196,	243,	'Long An'),
(4197,	243,	'Nam Dinh'),
(4198,	243,	'Nghe An'),
(4199,	243,	'Ninh Binh'),
(4200,	243,	'Ninh Thuan'),
(4201,	243,	'Phu Tho'),
(4202,	243,	'Phu Yen'),
(4203,	243,	'Quang Binh'),
(4204,	243,	'Quang Nam'),
(4205,	243,	'Quang Ngai'),
(4206,	243,	'Quang Ninh'),
(4207,	243,	'Quang Tri'),
(4208,	243,	'Soc Trang'),
(4209,	243,	'Son La'),
(4210,	243,	'Tay Ninh'),
(4211,	243,	'Thai Binh'),
(4212,	243,	'Thai Nguyen'),
(4213,	243,	'Thanh Hoa'),
(4214,	243,	'Thua Thien-Hue'),
(4215,	243,	'Tien Giang'),
(4216,	243,	'Tra Vinh'),
(4217,	243,	'Tuyen Quang'),
(4218,	243,	'Vinh Long'),
(4219,	243,	'Vinh Phuc'),
(4220,	243,	'Yen Bai'),
(4221,	244,	'Saint Croix'),
(4222,	244,	'Saint John'),
(4223,	244,	'Saint Thomas'),
(4224,	245,	'Blaenau Gwent'),
(4225,	245,	'Bridgend'),
(4226,	245,	'Caerphilly'),
(4227,	245,	'Cardiff'),
(4228,	245,	'Carmarthenshire'),
(4229,	245,	'Ceredigion'),
(4230,	245,	'Conwy'),
(4231,	245,	'Denbighshire'),
(4232,	245,	'Flintshire'),
(4233,	245,	'Gwynedd'),
(4234,	245,	'Isle of Anglesey'),
(4235,	245,	'Merthyr Tydfil'),
(4236,	245,	'Monmouthshire'),
(4237,	245,	'Neath Port Talbot'),
(4238,	245,	'Newport'),
(4239,	245,	'Pembrokeshire'),
(4240,	245,	'Powys'),
(4241,	245,	'Rhondda Cynon Taff'),
(4242,	245,	'Swansea'),
(4243,	245,	'The Vale of Glamorgan'),
(4244,	245,	'Torfaen'),
(4245,	245,	'Wrexham'),
(4246,	246,	'Alo'),
(4247,	246,	'Sigave'),
(4248,	246,	'Wallis'),
(4249,	247,	'West Bank'),
(4251,	249,	'Abyan'),
(4252,	249,	'Al Hudaydah'),
(4253,	249,	'Al Jawf'),
(4254,	249,	'Al Mahrah'),
(4255,	249,	'Al Mahwit'),
(4256,	249,	'Dhamar'),
(4257,	249,	'Hadhramawt'),
(4258,	249,	'Hajjah'),
(4259,	249,	'Ibb'),
(4260,	249,	'Lahij'),
(4261,	250,	'Kosovo'),
(4262,	250,	'Montenegro'),
(4263,	250,	'Serbia'),
(4264,	250,	'Vojvodina'),
(4265,	251,	'Central'),
(4266,	251,	'Copperbelt'),
(4267,	251,	'Eastern'),
(4268,	251,	'Luapula'),
(4269,	251,	'Lusaka'),
(4270,	251,	'North-Western'),
(4271,	251,	'Northern'),
(4272,	251,	'Southern'),
(4273,	251,	'Western'),
(4274,	252,	'Bulawayo'),
(4275,	252,	'Harare'),
(4276,	252,	'Manicaland'),
(4277,	252,	'Mashonaland East'),
(4278,	252,	'Mashonaland West'),
(4279,	252,	'Masvingo'),
(4280,	252,	'Matabeleland North'),
(4281,	252,	'Matabeleland South'),
(4282,	252,	'Midlands'),
(4285,	1,	'Khost'),
(4286,	1,	'Daykundi'),
(4287,	1,	'Nusristan'),
(4288,	1,	'Panjshayr'),
(4289,	253,	'Aland Islands'),
(4290,	17,	'Ar Rifa` wa al Mintaqah al Janubiya'),
(4291,	17,	'Madinat `Isa'),
(4292,	25,	'Gasa'),
(4293,	25,	'Tsirang'),
(4294,	25,	'Zhemgang'),
(4295,	25,	'Trashi Yangtse'),
(4296,	39,	'Sao Miguel'),
(4297,	39,	'Tarrafal de Sao Nicolau'),
(4299,	42,	'Bahr el gazel'),
(4300,	42,	'Hadjer Lamis'),
(4301,	42,	'Mandoul'),
(4302,	42,	'Mayo-Kebbi-ouest'),
(4303,	42,	'Ndjamena'),
(4304,	42,	'Sila'),
(4305,	42,	'Tibesti'),
(4306,	42,	'Wadi Fira'),
(4307,	43,	'Los Rios'),
(4308,	43,	'Libertador General Bernardo O\'Higgins'),
(4309,	43,	'Arica and Parinacota'),
(4310,	252,	'Mashonaland Central'),
(4311,	250,	'Croatia'),
(4312,	250,	'Bosnia and Herzegovina'),
(4313,	250,	'Slovenia'),
(4314,	250,	'Macedonia'),
(4315,	249,	'Al Bayda'),
(4316,	249,	'Taizz'),
(4317,	249,	'Sana'),
(4318,	249,	'Sadah'),
(4319,	249,	'Marib'),
(4320,	249,	'Adan'),
(4321,	249,	'Ataq'),
(4322,	249,	'Shabwah'),
(4323,	249,	'Amran'),
(4324,	249,	'Raymah'),
(4325,	248,	'Laayoune'),
(4326,	248,	'EsSemara'),
(4327,	248,	'Bued el Dahab'),
(4328,	248,	'Boujdour'),
(4329,	243,	'Dien Bien'),
(4330,	243,	'Dac Nong'),
(4331,	240,	'Xorazm'),
(4332,	237,	'Aberdeen City'),
(4333,	237,	'Aberdeenshire'),
(4334,	237,	'Angus'),
(4335,	237,	'Argyll and Bute'),
(4336,	237,	'Antrim'),
(4337,	237,	'Ards'),
(4338,	237,	'Armagh'),
(4339,	237,	'Ballymena'),
(4340,	237,	'Ballymoney'),
(4341,	237,	'Banbridge'),
(4342,	237,	'Blaenau Gwent'),
(4343,	237,	'Caerphilly'),
(4344,	237,	'Cardiff'),
(4345,	237,	'Carmarthenshire'),
(4346,	237,	'Carrickfergus'),
(4347,	237,	'Castlereagh'),
(4348,	237,	'Central Bedfordshire'),
(4349,	237,	'Ceredigion'),
(4350,	237,	'Cheshire West'),
(4351,	237,	'Clackmannanshire'),
(4352,	237,	'Coleraine'),
(4353,	237,	'Conwy'),
(4354,	237,	'Cookstown'),
(4355,	237,	'Craigavon'),
(4356,	237,	'Denbighshire'),
(4357,	237,	'Derry'),
(4358,	237,	'Down'),
(4359,	237,	'Dumfries and Galloway'),
(4360,	237,	'Dundee City'),
(4361,	237,	'Dungannon'),
(4362,	237,	'East Ayrshire'),
(4363,	237,	'East Dunbartonshire'),
(4364,	237,	'East Lothian'),
(4365,	237,	'East Renfrewshire'),
(4366,	237,	'Edinburgh'),
(4367,	237,	'Eilean Siar'),
(4368,	237,	'Falkirk'),
(4369,	237,	'Fermanagh'),
(4370,	237,	'Fife'),
(4371,	237,	'Flintshire'),
(4372,	237,	'Glasgow City'),
(4373,	237,	'Gwynedd'),
(4374,	237,	'Inverclyde'),
(4375,	237,	'Isle of Anglesey'),
(4376,	237,	'Larne'),
(4377,	237,	'Limavady'),
(4378,	237,	'Lisburn'),
(4379,	237,	'Magherafelt'),
(4380,	237,	'Merthyr Tydfil'),
(4381,	237,	'Midlothian'),
(4382,	237,	'Monmouthshire'),
(4383,	237,	'Moray'),
(4384,	237,	'Moyle'),
(4385,	237,	'Neath Port Talbot'),
(4386,	237,	'Newport'),
(4387,	237,	'Newry and Mourne'),
(4388,	237,	'Newtownabbey'),
(4389,	237,	'Omagh'),
(4390,	237,	'Orkney Islands'),
(4391,	237,	'Pembrokeshire'),
(4392,	237,	'Perth and Kinross'),
(4393,	237,	'Powys'),
(4394,	237,	'Renfrewshire'),
(4395,	237,	'Shetland Islands'),
(4396,	237,	'South Ayrshire'),
(4397,	237,	'South Lanarkshire'),
(4398,	237,	'Stirling'),
(4399,	237,	'Strabane'),
(4400,	237,	'Swansea'),
(4401,	237,	'Torfaen'),
(4402,	237,	'The Vale of Glamorgan'),
(4403,	237,	'West Dunbartonshire'),
(4404,	237,	'West Lothian'),
(4405,	237,	'Wrexham'),
(4406,	236,	'Ajman'),
(4407,	236,	'Ras al Khaymah'),
(4408,	235,	'Cherkas_ka'),
(4409,	235,	'Chernihivs_ka'),
(4410,	235,	'Chernivets_ka'),
(4411,	235,	'Dnipropetrovs_ka'),
(4412,	235,	'Donets_ka'),
(4413,	235,	'Ivano_Frankivs_ka'),
(4414,	235,	'Kharkivs_ka'),
(4415,	235,	'Khersons_ka'),
(4416,	235,	'Khmel_nyts_ka'),
(4417,	235,	'Kirovohrads_ka'),
(4418,	235,	'L\'vivs_ka'),
(4419,	235,	'Luhans_ka'),
(4420,	235,	'Mykolayivs_ka'),
(4421,	235,	'Odes_ka'),
(4422,	235,	'Poltavs_ka'),
(4423,	235,	'Rivnens_ka'),
(4424,	235,	'Sevastopol'),
(4425,	235,	'Sums_ka'),
(4426,	235,	'Ternopil_ka'),
(4427,	235,	'Vinnyts_ka'),
(4428,	235,	'Volyns_ka'),
(4429,	235,	'Zakarpats_ka'),
(4430,	235,	'Zaporiz_ka'),
(4431,	235,	'Zhytomyrs_ka'),
(4432,	233,	'Funafuti'),
(4433,	233,	'Nanumanga'),
(4434,	233,	'Nanumea'),
(4435,	233,	'Niutao'),
(4436,	233,	'Nui'),
(4437,	233,	'Nukufetau'),
(4438,	233,	'Nukulaelae'),
(4439,	233,	'Vaitupu'),
(4440,	232,	'Ashgabat'),
(4441,	230,	'La Manouba'),
(4442,	228,	'Ha_apai'),
(4443,	228,	'Vava_u'),
(4444,	228,	'Eua'),
(4445,	228,	'Niuas'),
(4446,	223,	'Manyara'),
(4447,	222,	'Sogd'),
(4448,	221,	'Taichung'),
(4449,	221,	'Taitung'),
(4450,	221,	'Taipei'),
(4451,	221,	'Tainan'),
(4452,	221,	'Taoyuan'),
(4453,	221,	'Pingtung'),
(4454,	221,	'Penghu'),
(4455,	221,	'Nantou'),
(4456,	220,	'Dara'),
(4457,	220,	'As Suwayada'),
(4458,	211,	'Valencia'),
(4459,	209,	'Limpopo'),
(4460,	204,	'North East'),
(4461,	204,	'North West'),
(4462,	204,	'South East'),
(4463,	204,	'South West'),
(4464,	204,	'Central Singapore'),
(4465,	202,	'Grand Anse Mahe'),
(4466,	202,	'Grand Anse Praslin'),
(4467,	202,	'Au Cap'),
(4468,	202,	'English River'),
(4469,	202,	'Outer Islands'),
(4470,	202,	'Roche Caiman'),
(4471,	201,	'Kaffrine'),
(4472,	201,	'Kedougou'),
(4473,	201,	'Matam'),
(4474,	201,	'Sedhiou'),
(4475,	199,	'Asir'),
(4476,	199,	'Hail'),
(4477,	196,	'Aana'),
(4478,	196,	'Faasaleleaga'),
(4479,	196,	'Gagaemauga'),
(4480,	196,	'Satupaitea'),
(4481,	196,	'Vaa-o-Fonoti'),
(4482,	190,	'Est'),
(4483,	190,	'Nord'),
(4484,	190,	'Ouest'),
(4485,	190,	'Sud'),
(4486,	181,	'Biliran'),
(4487,	181,	'Dinagat Islands'),
(4488,	181,	'Sarangani'),
(4489,	181,	'Apayao'),
(4490,	177,	'Embera'),
(4491,	177,	'Nagbe Bugle'),
(4492,	177,	'Veraguas'),
(4493,	175,	'Azad Kashmir'),
(4494,	175,	'Gilgit-Baltistan'),
(4495,	174,	'Adh Dhahirah'),
(4496,	174,	'Al Batinah'),
(4497,	174,	'Dhofar (Zufar)'),
(4498,	254,	'Belgrade'),
(4499,	254,	'Bor'),
(4500,	254,	'Branicevo'),
(4501,	254,	'Central Banat'),
(4502,	254,	'Danube'),
(4503,	254,	'Jablanica'),
(4504,	254,	'Kolubara'),
(4505,	254,	'Kosovo'),
(4506,	254,	'Kosovo-Pomdravlje'),
(4507,	254,	'Kosovska Mitrovica'),
(4508,	254,	'Macva'),
(4509,	254,	'Morava'),
(4510,	254,	'Nisava'),
(4511,	254,	'North Backa'),
(4512,	254,	'North Banat'),
(4513,	254,	'Pcinja'),
(4514,	254,	'Pec'),
(4515,	254,	'Pirot'),
(4516,	254,	'Pomoravlje'),
(4517,	254,	'Prizren'),
(4518,	254,	'Rasina'),
(4519,	254,	'Raska'),
(4520,	254,	'South Backa'),
(4521,	254,	'South Banat'),
(4522,	254,	'Srem'),
(4523,	254,	'Sumadija'),
(4524,	254,	'Toplica'),
(4525,	254,	'West Backa'),
(4526,	254,	'Zajelcar'),
(4527,	254,	'Zlatibor'),
(4528,	255,	'Baker Island'),
(4529,	255,	'Howland Island'),
(4530,	255,	'Jarvis Island'),
(4531,	255,	'Johnston Atoll'),
(4532,	255,	'Kingman Reef'),
(4533,	255,	'Midway Islands'),
(4534,	255,	'Navassa Island'),
(4535,	255,	'Palmyra Atoll'),
(4536,	255,	'Wake Island'),
(4537,	256,	'Turks and Caicos Islands'),
(4538,	257,	'Aileu'),
(4539,	257,	'Ainaro'),
(4540,	257,	'Ambeno'),
(4541,	257,	'Baucau'),
(4542,	257,	'Bobonaro'),
(4543,	257,	'Cova Lima'),
(4544,	257,	'Dili'),
(4545,	257,	'Ermera'),
(4546,	257,	'Lautem'),
(4547,	257,	'Liquica'),
(4548,	257,	'Manatuto'),
(4549,	257,	'Manufahi'),
(4550,	257,	'Oecussi'),
(4551,	257,	'Viqueque'),
(4552,	10,	'Erevan'),
(4553,	10,	'Geghark\'unik'),
(4554,	10,	'Kotayk'),
(4555,	10,	'Syunik'),
(4556,	10,	'Vayots\' Dzor'),
(4557,	258,	'British Indian Ocean Territory'),
(4558,	259,	'Bouvet Island'),
(4559,	35,	'Bujumbura Rural'),
(4560,	27,	'Brcko District'),
(4561,	260,	'Saba'),
(4562,	260,	'Sint Eustatius'),
(4563,	260,	'Bonaire'),
(4564,	105,	'Telangana'),
(4565,	141,	'Penang'),
(4566,	143,	'Bamako'),
(4567,	140,	'Neno'),
(4568,	64,	'Shamal Sina'),
(4569,	64,	'Al-Ismailiyah'),
(4570,	64,	'As sadis min uktubar'),
(4571,	64,	'Bur Sa\'id'),
(4572,	64,	'Al-Uqsur'),
(4573,	7,	'Argentina/UK Claim'),
(4574,	7,	'Australia Claim'),
(4575,	7,	'Chile Claim'),
(4576,	7,	'Chile/UK Claim'),
(4577,	7,	'Chile/UK/Argentina Claim'),
(4578,	7,	'France Claim    '),
(4579,	7,	'New Zealand Claim    '),
(4580,	7,	'Norway Claim    '),
(4581,	7,	'United Kingdom Claim   '),
(4582,	97,	'Nippes'),
(4583,	97,	'Grand Anse'),
(4584,	111,	'HaDarom'),
(4585,	111,	'HaMerkaz'),
(4586,	111,	'HaZafon'),
(4587,	6,	'Blowing Point'),
(4588,	6,	'East End'),
(4589,	6,	'Geroge Hill'),
(4590,	6,	'Island Harbour'),
(4591,	6,	'North Hill'),
(4592,	6,	'North Side'),
(4593,	6,	'Sandy Ground'),
(4594,	6,	'Sandy Hill'),
(4595,	6,	'South Hill'),
(4596,	6,	'Stoney Ground'),
(4597,	6,	'The Farrington'),
(4598,	6,	'The Quarter'),
(4599,	6,	'The Valley'),
(4600,	6,	'West End'),
(4615,	158,	'Guelmim-Es Semara'),
(4616,	157,	'Saint Peter'),
(4617,	261,	'Sagaing'),
(4618,	261,	'Bago'),
(4619,	261,	'Magway'),
(4620,	261,	'Mandalay'),
(4621,	261,	'Tanintharyi'),
(4622,	261,	'Yangon'),
(4623,	261,	'Ayeyarwady'),
(4624,	261,	'Kachin'),
(4625,	261,	'Kayah'),
(4626,	261,	'Kayin'),
(4627,	261,	'Chin'),
(4628,	261,	'Mon'),
(4629,	261,	'Rakhine'),
(4630,	261,	'Shan'),
(4631,	69,	'Benshngul-Gumaz'),
(4632,	147,	'La Marin'),
(4633,	147,	'Fort de France'),
(4634,	69,	'So Nations'),
(4635,	147,	'La Trinite'),
(4636,	124,	'P yongan-bukto'),
(4637,	124,	'P yongan-namdo'),
(4638,	124,	'P yongyang-si'),
(4640,	125,	'Seoul'),
(4641,	144,	'Central'),
(4642,	144,	'Gozo'),
(4643,	144,	'Northern'),
(4644,	144,	'South Eastern'),
(4645,	144,	'Southern'),
(4646,	262,	'Andorra La Vella'),
(4647,	262,	'Canillo'),
(4648,	262,	'Encamp'),
(4649,	262,	'Escaldes-Engordany'),
(4650,	262,	'La Massana'),
(4651,	262,	'Ordino'),
(4652,	262,	'Sant Julia de Loria'),
(4654,	75,	'Provence-Alpes-Cote d\'Azur'),
(4655,	138,	'Brod'),
(4656,	138,	'Titov Veles'),
(4657,	76,	'Saint-Laurent-du-Maroni'),
(4658,	137,	'Ilhas'),
(4659,	107,	'Khorasan-Â­e Janubi'),
(4660,	107,	'Khorasan-Â­e Razavi'),
(4661,	107,	'Khorasan-Â­e Shemali'),
(4662,	78,	'Iles Eparses'),
(4663,	108,	'Karbala'),
(4664,	108,	'Ta mim'),
(4665,	126,	'Mubarak Al-Kabir'),
(4666,	126,	'Al-Jahrah'),
(4667,	126,	'Al-Kuwayt'),
(4668,	132,	'River Gee'),
(4669,	132,	'Gbarpolu'),
(4670,	131,	'Qacha\'s Nek'),
(4671,	130,	'Akkar'),
(4672,	130,	'Nabatieh'),
(4673,	130,	'Baalbek'),
(4674,	130,	'Beirut'),
(4675,	130,	'Beqaa'),
(4676,	130,	'Mount Lebanon'),
(4677,	133,	'Al Butnan'),
(4678,	133,	'Al Jabal al Gharbi'),
(4679,	133,	'Al Jifarah'),
(4680,	133,	'Al Marj'),
(4681,	133,	'Al Marqab'),
(4682,	133,	'Nalut'),
(4683,	133,	'Tripoli'),
(4684,	133,	'Wadi al Hayat'),
(4685,	133,	'Wadi ash Shati'),
(4686,	130,	'North Lebanon'),
(4687,	130,	'South Lebanon'),
(4688,	112,	'Valle d Aosta'),
(4689,	117,	'Grouville'),
(4690,	117,	'Saint Brelade'),
(4691,	117,	'Saint Clement'),
(4692,	117,	'Saint Helier'),
(4693,	117,	'Saint John'),
(4694,	117,	'Saint Lawrence'),
(4695,	117,	'Saint Martin'),
(4696,	117,	'Saint Mary'),
(4697,	117,	'Saint Ouen'),
(4698,	117,	'Saint Peter'),
(4699,	117,	'Saint Saviour'),
(4700,	117,	'Trinity'),
(4701,	119,	'Amman'),
(4702,	119,	'Aqaba'),
(4703,	119,	'Balqa'),
(4704,	119,	'Maan'),
(4705,	119,	'Zarqa'),
(4706,	88,	'Sermersooq'),
(4707,	129,	'Valmiera'),
(4708,	88,	'Unorganized'),
(4709,	129,	'Ventspils'),
(4710,	93,	'Alderney'),
(4711,	93,	'Brecqhou'),
(4712,	93,	'Herm'),
(4713,	93,	'Jethou'),
(4714,	93,	'Lihou'),
(4715,	93,	'Sark');

DROP TABLE IF EXISTS `student_category`;
CREATE TABLE `student_category` (
  `student_category_id` bigint(20) NOT NULL AUTO_INCREMENT,
  `category_id` bigint(20) NOT NULL,
  `subcategory_id` bigint(20) NOT NULL,
  `industry_description` text NOT NULL,
  `team_department` varchar(200) NOT NULL,
  `student_id` bigint(20) NOT NULL,
  PRIMARY KEY (`student_category_id`)
) ENGINE=InnoDB DEFAULT CHARSET=utf8;

TRUNCATE `student_category`;
INSERT INTO `student_category` (`student_category_id`, `category_id`, `subcategory_id`, `industry_description`, `team_department`, `student_id`) VALUES
(1,	3,	45,	'Why Agriculture Industry? (You can keep it short or take it as a chance to express your passion/interest towards specific industry)\n \nWhy Agriculture Industry? (You can keep it short or take it as a chance to express your passion/interest towards specific industry)\n',	'',	1),
(2,	3,	75,	'',	'Software development Department',	12);

DROP TABLE IF EXISTS `student_certificate`;
CREATE TABLE `student_certificate` (
  `student_certificate_id` bigint(20) NOT NULL AUTO_INCREMENT,
  `student_id` bigint(20) NOT NULL,
  `type` varchar(200) NOT NULL COMMENT 'license or certificate',
  `certificate_name` varchar(255) DEFAULT NULL,
  `description` varchar(255) DEFAULT NULL,
  `provider` varchar(255) DEFAULT NULL,
  `certificate_link` varchar(255) DEFAULT NULL,
  `date_earned` varchar(255) DEFAULT NULL,
  `date_ended` varchar(255) DEFAULT NULL,
  `uploaded_document` text,
  PRIMARY KEY (`student_certificate_id`)
) ENGINE=InnoDB DEFAULT CHARSET=utf8;

TRUNCATE `student_certificate`;
INSERT INTO `student_certificate` (`student_certificate_id`, `student_id`, `type`, `certificate_name`, `description`, `provider`, `certificate_link`, `date_earned`, `date_ended`, `uploaded_document`) VALUES
(5,	1,	'license',	'Highcharts Demo updated',	'Highcharts Demo updated',	'Highcharts Demo',	'http://www.google.com/test',	'2021-04-07T18:30:00.000Z',	'2021-04-16T18:30:00.000Z',	'uploads/license_document/license_document-1620300688844.pdf');

DROP TABLE IF EXISTS `student_education`;
CREATE TABLE `student_education` (
  `student_education_id` bigint(20) NOT NULL AUTO_INCREMENT,
  `student_id` bigint(20) NOT NULL,
  `student_university_id` bigint(20) DEFAULT NULL,
  `school` varchar(255) DEFAULT NULL,
  `study` varchar(255) DEFAULT NULL,
  `degree` varchar(255) DEFAULT NULL,
  `from_year` varchar(255) DEFAULT NULL,
  `to_year` varchar(255) DEFAULT NULL,
  `description` longtext,
  PRIMARY KEY (`student_education_id`)
) ENGINE=InnoDB DEFAULT CHARSET=utf8;

TRUNCATE `student_education`;
INSERT INTO `student_education` (`student_education_id`, `student_id`, `student_university_id`, `school`, `study`, `degree`, `from_year`, `to_year`, `description`) VALUES
(7,	1,	NULL,	'School 1 updated',	'Area of Study',	'Degree',	'2008',	'2026',	'Description');

DROP TABLE IF EXISTS `student_experience`;
CREATE TABLE `student_experience` (
  `student_experience_id` bigint(20) NOT NULL AUTO_INCREMENT,
  `student_id` bigint(20) NOT NULL,
  `company_name` varchar(250) NOT NULL,
  `job_title` varchar(250) DEFAULT NULL,
  `location` varchar(250) DEFAULT NULL,
  `country` varchar(250) DEFAULT NULL,
  `from_month` varchar(250) DEFAULT NULL,
  `from_year` varchar(250) DEFAULT NULL,
  `to_month` varchar(250) DEFAULT NULL,
  `to_year` varchar(250) DEFAULT NULL,
  `job_description` longtext,
  PRIMARY KEY (`student_experience_id`),
  KEY `company_name` (`company_name`)
) ENGINE=InnoDB DEFAULT CHARSET=utf8;

TRUNCATE `student_experience`;
INSERT INTO `student_experience` (`student_experience_id`, `student_id`, `company_name`, `job_title`, `location`, `country`, `from_month`, `from_year`, `to_month`, `to_year`, `job_description`) VALUES
(1,	1,	'Home updated',	'Title 1',	'Location 1',	'4',	'February',	'2020',	'April',	'2021',	'Description 1 ');

DROP TABLE IF EXISTS `student_expertise`;
CREATE TABLE `student_expertise` (
  `id` int(11) NOT NULL AUTO_INCREMENT,
  `skills` longtext,
  `others` longtext,
  `level` int(11) DEFAULT NULL COMMENT '1 - entry level, 2 - intermediate, 3 - expert ',
  `student_id` int(11) NOT NULL,
  PRIMARY KEY (`id`)
) ENGINE=MyISAM DEFAULT CHARSET=latin1;

TRUNCATE `student_expertise`;
INSERT INTO `student_expertise` (`id`, `skills`, `others`, `level`, `student_id`) VALUES
(2,	'[{\"id\":4,\"name\":\"Python\"},{\"id\":15,\"name\":\"SAP Analytics Cloud\"},{\"id\":29,\"name\":\"Oracle Data Integrator \"},{\"id\":58,\"name\":\"Amazon Neptune \"},{\"id\":60,\"name\":\"Azure Cosmos DB \"},{\"id\":63,\"name\":\"IBM DB2 \"},{\"id\":66,\"name\":\"Neo4j \"}]',	'Software development, system administrator, application design updated',	3,	1),
(3,	'\"\"',	'',	1,	12);

DROP TABLE IF EXISTS `student_languages`;
CREATE TABLE `student_languages` (
  `id` int(11) NOT NULL AUTO_INCREMENT,
  `student_id` int(11) DEFAULT NULL,
  `language_id` int(250) DEFAULT NULL,
  `language_name` varchar(250) DEFAULT NULL,
  `proficiency` varchar(250) DEFAULT NULL,
  PRIMARY KEY (`id`)
) ENGINE=MyISAM DEFAULT CHARSET=latin1;

TRUNCATE `student_languages`;
INSERT INTO `student_languages` (`id`, `student_id`, `language_id`, `language_name`, `proficiency`) VALUES
(67,	1,	NULL,	'Arabic',	'Basic'),
(66,	1,	NULL,	'Hindi',	'Conversational'),
(65,	1,	NULL,	'English',	'Basic');

DROP TABLE IF EXISTS `student_project`;
CREATE TABLE `student_project` (
  `student_project_id` bigint(20) NOT NULL AUTO_INCREMENT,
  `student_id` bigint(20) NOT NULL,
  `title` varchar(255) DEFAULT NULL,
  `description` varchar(255) DEFAULT NULL,
  `date` varchar(255) DEFAULT NULL,
  `link` varchar(255) DEFAULT NULL,
  `project_start_date` varchar(255) DEFAULT NULL,
  `project_end_date` varchar(255) DEFAULT NULL,
  PRIMARY KEY (`student_project_id`)
) ENGINE=InnoDB DEFAULT CHARSET=utf8;

TRUNCATE `student_project`;
INSERT INTO `student_project` (`student_project_id`, `student_id`, `title`, `description`, `date`, `link`, `project_start_date`, `project_end_date`) VALUES
(1,	1,	'Test Project 2 updated',	'test test test test test test test test ',	NULL,	'http://www.google.com/test',	'2019-10-31T18:30:00.000Z',	'2020-08-26T18:30:00.000Z'),
(3,	1,	'Highcharts Demo',	'Highcharts Demo',	NULL,	'http://www.amazon.com/test',	'2019-10-31T18:30:00.000Z',	'2020-08-26T18:30:00.000Z'),
(4,	1,	'Highcharts Demo updated',	'Highcharts Demo',	NULL,	'http://www.google.com/test',	'1970-01-01T00:00:00.000Z',	'1970-01-01T00:00:00.000Z');

DROP TABLE IF EXISTS `student_record`;
CREATE TABLE `student_record` (
  `student_id` bigint(20) NOT NULL AUTO_INCREMENT,
  `category_id` varchar(255) DEFAULT NULL,
  `city` varchar(255) DEFAULT NULL,
  `contact1` varchar(255) DEFAULT NULL,
  `contact2` varchar(255) DEFAULT NULL,
  `correspondence_address` varchar(255) DEFAULT NULL,
  `dob` varchar(255) DEFAULT NULL,
  `email_id` varchar(255) DEFAULT NULL,
  `first_name` varchar(255) DEFAULT NULL,
  `gender` varchar(255) DEFAULT NULL,
  `last_name` varchar(255) DEFAULT NULL,
  `linked_in_profile` varchar(255) DEFAULT NULL,
  `middle_name` varchar(255) DEFAULT NULL,
  `mobile_number` varchar(255) DEFAULT NULL,
  `nationality` varchar(255) DEFAULT NULL,
  `photo` varchar(255) DEFAULT NULL,
  `residential_address` varchar(255) DEFAULT NULL,
  `resume_link` varchar(255) DEFAULT NULL,
  `skill_set` varchar(255) DEFAULT NULL,
  `state` varchar(255) DEFAULT NULL,
  `user_account_id` bigint(20) NOT NULL,
  PRIMARY KEY (`student_id`)
) ENGINE=InnoDB DEFAULT CHARSET=utf8;

TRUNCATE `student_record`;
INSERT INTO `student_record` (`student_id`, `category_id`, `city`, `contact1`, `contact2`, `correspondence_address`, `dob`, `email_id`, `first_name`, `gender`, `last_name`, `linked_in_profile`, `middle_name`, `mobile_number`, `nationality`, `photo`, `residential_address`, `resume_link`, `skill_set`, `state`, `user_account_id`) VALUES
(1,	NULL,	'LB',	'1234567890',	'2345678909',	'gsdytft',	'2021-03-16',	'nisarg205@gmail.com',	'Nisarg',	'Male',	'Pandya',	'jfuyu',	'P',	NULL,	'jyg',	NULL,	'fj',	'jfj',	NULL,	'California',	0),
(2,	NULL,	'Long Beach',	'2134567890',	'1234567890',	'hgujhgikhkj',	'2021-03-08',	'nisarg205@gmail.com',	'Nisarg',	'Male',	'Pandya',	'jgujj',	'P',	NULL,	'INdain',	NULL,	'fj',	'hgj',	NULL,	'California',	2);

DROP TABLE IF EXISTS `subcategories`;
CREATE TABLE `subcategories` (
  `id` int(11) NOT NULL AUTO_INCREMENT,
  `category_id` int(11) NOT NULL,
  `subcategory_name` varchar(200) NOT NULL,
  PRIMARY KEY (`id`)
) ENGINE=MyISAM DEFAULT CHARSET=latin1;

TRUNCATE `subcategories`;
INSERT INTO `subcategories` (`id`, `category_id`, `subcategory_name`) VALUES
(1,	1,	'Accounting'),
(2,	1,	'Financial Planning'),
(3,	1,	'Human Resources'),
(4,	1,	'Management Consulting'),
(5,	1,	'Other - Accounting &amp; Consulting'),
(6,	2,	'Data Entry'),
(7,	2,	'Other - Admin Support'),
(8,	2,	'Personal/Virtual Assistance'),
(9,	2,	'Project Management'),
(10,	2,	'Transcription'),
(11,	2,	'Web Research'),
(12,	3,	'Customer Service'),
(13,	3,	'Technical Support'),
(14,	4,	'A/B Testing'),
(15,	4,	'Data Extraction/ETL'),
(16,	4,	'Data Mining &amp; Management'),
(17,	4,	'Data Visualization'),
(18,	4,	'Machine Learning'),
(19,	4,	'Other - Data Science &amp; Analytics'),
(20,	4,	'Quantitative Analysis'),
(21,	5,	'Art &amp; Illustration'),
(22,	5,	'Audio &amp; Music Production'),
(23,	5,	'Branding'),
(24,	5,	'Gaming &amp; AR/VR'),
(25,	5,	'Graphic, Editorial &amp; Presentation Design'),
(26,	5,	'Performing Arts'),
(27,	5,	'Photography'),
(28,	5,	'Product Design'),
(29,	5,	'Video &amp; Animation'),
(30,	5,	'Voice Talent'),
(31,	6,	'3D Modeling &amp; CAD'),
(32,	6,	'Architecture'),
(33,	6,	'Chemical Engineering'),
(34,	6,	'Civil &amp; Structural Engineering'),
(35,	6,	'Contract Manufacturing'),
(36,	6,	'Electrical Engineering'),
(37,	6,	'Interior Design'),
(38,	6,	'Mechanical Engineering'),
(39,	6,	'Other - Engineering'),
(40,	6,	'Physical Sciences'),
(41,	7,	'Database Administration'),
(42,	7,	'ERP/CRM Software'),
(43,	7,	'Information Security'),
(44,	7,	'Network &amp; System Administration'),
(45,	7,	'Other - IT &amp; Networking'),
(46,	8,	'Contract Law'),
(47,	8,	'Corporate Law'),
(48,	8,	'Intellectual Property Law'),
(49,	8,	'Other - Legal'),
(50,	8,	'Paralegal Services'),
(51,	9,	'Display Advertising'),
(52,	9,	'Email &amp; Marketing Automation'),
(53,	9,	'Lead Generation'),
(54,	9,	'Market &amp; Customer Research'),
(55,	9,	'Marketing Strategy'),
(56,	9,	'Other - Sales &amp; Marketing'),
(57,	9,	'Public Relations'),
(58,	9,	'SEM - Search Engine Marketing'),
(59,	9,	'SEO - Search Engine Optimization'),
(60,	9,	'SMM - Social Media Marketing'),
(61,	9,	'Telemarketing &amp; Telesales'),
(62,	10,	'General Translation'),
(63,	10,	'Legal Translation'),
(64,	10,	'Medical Translation'),
(65,	10,	'Technical Translation'),
(66,	11,	'Desktop Software Development'),
(67,	11,	'Ecommerce Development'),
(68,	11,	'Game Development'),
(69,	11,	'Mobile Development'),
(70,	11,	'Other - Software Development'),
(71,	11,	'Product Management'),
(72,	11,	'QA &amp; Testing'),
(73,	11,	'Scripts &amp; Utilities'),
(74,	11,	'Web &amp; Mobile Design'),
(75,	11,	'Web Development'),
(76,	12,	'Content &amp; Copywriting'),
(77,	12,	'Creative Writing'),
(78,	12,	'Editing &amp; Proofreading'),
(79,	12,	'Grant Writing'),
(80,	12,	'Other - Writing'),
(81,	12,	'Resumes &amp; Cover Letters'),
(82,	12,	'Technical Writing');

DROP TABLE IF EXISTS `user_account`;
CREATE TABLE `user_account` (
  `user_account_id` bigint(20) NOT NULL AUTO_INCREMENT,
  `account_type` varchar(255) DEFAULT NULL,
  `email_id` varchar(255) DEFAULT NULL,
  `first_name` varchar(255) DEFAULT NULL,
  `last_name` varchar(255) DEFAULT NULL,
  `password` varchar(255) DEFAULT NULL,
  `user_name` varchar(255) DEFAULT NULL,
  `profile_completed` int(11) DEFAULT '0',
  `hourly_rate` varchar(200) DEFAULT NULL,
  `salary_expectation` varchar(200) DEFAULT NULL,
  `service_fees` varchar(200) DEFAULT NULL,
  `receive_rate` varchar(200) DEFAULT NULL,
  `company_name` varchar(200) DEFAULT NULL,
  `industry` varchar(200) DEFAULT NULL,
  `job_title` text,
  `professional_overview` longtext,
  `uploaded_jd` text,
  `country` varchar(100) DEFAULT NULL,
  `country_id` varchar(100) DEFAULT NULL,
  `state` varchar(100) DEFAULT NULL,
  `state_id` varchar(100) DEFAULT NULL,
  `city` varchar(100) DEFAULT NULL,
  `street_address` varchar(100) DEFAULT NULL,
  `zipcode` varchar(100) DEFAULT NULL,
  `country_calling_code` varchar(50) DEFAULT NULL,
  `phone_number` varchar(100) DEFAULT NULL,
  `job_type` varchar(100) DEFAULT NULL,
  `profile_photo` longtext,
  `location_preference` int(11) DEFAULT NULL COMMENT '1 = remote,  2 = onsite ',
  `prefered_country_id` int(11) DEFAULT NULL,
  `prefered_country` varchar(200) DEFAULT NULL,
  `prefered_state_id` int(11) DEFAULT NULL,
  `prefered_state` varchar(200) DEFAULT NULL,
  `location_preference_name` varchar(200) DEFAULT NULL,
  `prefered_street_address` varchar(200) DEFAULT NULL,
  `prefered_zipcode` varchar(200) DEFAULT NULL,
  `timeline_hiring` int(11) DEFAULT NULL,
  `timeline_hiring_weeks` varchar(50) DEFAULT NULL,
  PRIMARY KEY (`user_account_id`)
) ENGINE=InnoDB DEFAULT CHARSET=utf8;

TRUNCATE `user_account`;
INSERT INTO `user_account` (`user_account_id`, `account_type`, `email_id`, `first_name`, `last_name`, `password`, `user_name`, `profile_completed`, `hourly_rate`, `salary_expectation`, `service_fees`, `receive_rate`, `company_name`, `industry`, `job_title`, `professional_overview`, `uploaded_jd`, `country`, `country_id`, `state`, `state_id`, `city`, `street_address`, `zipcode`, `country_calling_code`, `phone_number`, `job_type`, `profile_photo`, `location_preference`, `prefered_country_id`, `prefered_country`, `prefered_state_id`, `prefered_state`, `location_preference_name`, `prefered_street_address`, `prefered_zipcode`, `timeline_hiring`, `timeline_hiring_weeks`) VALUES
(1,	'Student',	'nisarg205@gmail.com',	'Nisarg',	'Pandya',	'202cb962ac59075b964b07152d234b70',	'Nisarg1',	1,	'50',	'3500',	'-4.00',	'16',	NULL,	NULL,	'Full stack developer and mean stack developer',	'Full stack developer and mean stack developer \nFull stack developer and mean stack developer\nFull stack developer and mean stack developer\nFull stack developer and mean stack developer\nFull stack developer and mean stack developer\n',	NULL,	'India',	'105',	'Madhya Pradesh',	'1503',	'Bhopal',	'194 B Clerk Colony Indore M.P',	'452011',	'91',	'9996547821',	'3',	'uploads/images/profile_picture/profile_picture-1621319006561.jpg',	NULL,	NULL,	NULL,	NULL,	NULL,	NULL,	NULL,	NULL,	NULL,	NULL),
(12,	'Company',	'jamesbond@malinator.com',	'James',	'Bond',	'202cb962ac59075b964b07152d234b70',	'James',	1,	'200',	'80000',	'',	'',	'MI 6 secret Service',	NULL,	'Full stack developer',	'Full stack developer and mean stack developerFull stack developer and mean stack developerFull stack developer',	'',	'India',	'105',	'Madhya Pradesh',	'1503',	'Indore',	'194-B Clerk Colony Indore M.P',	'452001',	'',	'',	'2',	NULL,	2,	237,	'United Kingdom',	3898,	'Barnsley',	'indore',	'194-B Clerk Colony Indore M.P',	'452001',	2,	'5 - 8'),
(14,	'Company',	'j.meenesh1@gmail.com',	'Meenesh',	'Jain',	'202cb962ac59075b964b07152d234b70',	'Meenesh',	0,	NULL,	NULL,	NULL,	NULL,	'Home',	'11',	NULL,	NULL,	NULL,	NULL,	NULL,	NULL,	NULL,	NULL,	NULL,	NULL,	NULL,	NULL,	NULL,	NULL,	NULL,	NULL,	NULL,	NULL,	NULL,	NULL,	NULL,	NULL,	NULL,	NULL);

-- 2021-06-13 08:33:58
